Workbook

Sheet Plan
A2: 1. 모형별 GDP 예측치 취합
B3: core model : | C3: L-bridge1, L-bridge2, L-copular
B4: bigdata model : | C4: KDFM, LBVAR, TFM
B5: additional : | C5: SVR, XGBoost, CRNN, SARIMA, VAR, Quantile regression
C6: RF
A7: 2. 모형별 특성 조사
B8: ex) mixed freq, real-time(daily) update, 경제구조 반영, CPI 예측 가능, density forecasting, embedded variable selection, etc.
A11: 2. Ensemble 검토
B12: - density forecast :
B13: - dynamic selection based on MSE :
B14: - dynamic selection based on ? :
B15: - fixed (average) :
A17: 3. Target 확장
B18: (1). CPI | C18: 가능한 모델 : | D18: TFM, KDFM, LVBAR
B19: (2). 1q ahead GDP
A21: 4. Visualization
B22: - Kernel Density Estimation for each quarter
B23: - Box plot time series
B24: - Fan chart
A26: 5. Writing
B27: Overleaf: | C27: https://www.overleaf.com/8812339134tbdyxcynsqch

Sheet Reference
A1: Category | B1: Title | C1: Paper links | D1: Year | E1: Journal | F1: Comments
A2: SAM | B2: Short-Term Forecasting of GDP and Inflation in Real-Time : Norges Bank’s System for Averaging Models | C2: https://norges-bank.brage.unit.no/norges-bank-xmlui/handle/11250/2507327 | D2: 2011 | E2: NB Working Paper | F2: GDP, CPI 예측
A3: Ensemble | B3: An ensemble of LSTM neural networks for high-frequency stock market classification | C3: https://onlinelibrary.wiley.com/doi/10.1002/for.2585 | D3: 2022 | E3: J of forecasting
A4: Ensemble | B4: Nowcasting monthly GDP with big data: A model averaging approach | C4: https://rss.onlinelibrary.wiley.com/doi/10.1111/rssa.12645 | D4: 2021 | E4: RSSA
B5: Nonlinear inflation forecasting with recurrent neural networks | C5: https://onlinelibrary.wiley.com/doi/10.1002/for.2901 | D5: 2022 | E5: J of forecasting

Sheet Input vars
B1: Number of Vars | C1: Ntional Account | D1: Foreign | E1: Real | F1: Inflation | G1: Financial | H1: Survey | J1: quarter | K1: month | U1: TFM
A2: KDFM | B2: 35 | C2: GDP, 민소, 건설, 설비, 수출 (SA) 5개 | D2: - | E2: 산업생산, 취업률, 수출입 등 14개 | F2: 코어 CPI, PPI, IPI 등 4개 | G2: - | H2: CSI, ESI, BSI 등 9개 | J2: 5 | K2: 30 | U2: 0ma | V2: 1ma | W2: 2ma | X2: 3ma | Y2: 4ma | Z2: 5ma | AA2: 6ma
A3: LDFM1 | B3: 4 | C3: GDP 1개 | D3: - | E3: 전산업생산, 일평균 수출 2개 | F3: - | G3: - | H3: NSI 1개 | J3: 1 | K3: 3
A4: LDFM2 | B4: 4 | C4: GDP 1개 | D4: - | E4: 전산업생산, 일평균 수출 2개 | F4: - | G4: - | H4: NSI 1개 | J4: 1 | K4: 3
A5: Copular | B5: 4 | C5: GDP 1개 | D5: - | E5: 전산업생산, 일평균 수출 2개 | F5: - | G5: - | H5: NSI 1개 | J5: 1 | K5: 3
A6: LBVAR | B6: 32 | C6: GDP, 민소, 건설, 설비, 수출, 수입 (SA) 6개 | D6: 미국,유로,중국 GDP, OECD 선행지수, PMI, FFR 등 8개 | E6: 동행지수, 산업생산, 통관 수출입, 실업률 등 9개 | F6: 코어 CPI, 주택매매가격지수 등 3개 | G6: KRW, EUR 환율, 회사채3년, KOSPI 등 6개 | H6: - | J6: 9 | K6: 23
A7: TFM | B7: 84 | C7: GDP, 소비, 설비, 건설, 정부, 수출, 수입 (SA, NSA) 14개 | D7: - | E7: 통계청 산업생산(소매판매지수, 설비판매지수, ...) | F7: CPI, PPI, IPI, EPI 등 | G7: 콜, KRW, EUR, 유가, KOSPI 등 | H7: CSI, ESI, BSI, NSI 등 9개
A8: TEXT | B8: 31 | C8: GDP, 민소, 설비, 건설, 정부, 수출, 수입 (SA, NSA) 14개 | D8: - | E8: - | F8: - | G8: - | H8: NSI, EPU, TFI 등 17개 | J8: 14 | K8: 17
A9: SVR | B9: 9 | C9: - | D9: - | E9: 전산업생산, 실업률, 수출 등 6개 | F9: - | G9: KRW 환율, 유가, KOSPI 3개 | H9: -
A10: XGBoost | B10: 13 | C10: - | D10: - | E10: - | F10: - | G10: - | H10: CSI, ESI, BSI, NSI 등 13개
A11: RF | B11: 144 | C11: - | D11: 미국, 독일, 일본 GDP, OECD 선행지수 등 12개 | E11: 전산업생산, 실업률, 수출 등 73개 | F11: CPI, PPI, 주택매매가격지수 등 7개 | G11: 통화량, KRW 환율, 유가, KOSPI 등 33개 | H11: CSI, ESI, BSI, NSI 등 19개

Sheet Any comments
A2: 5.18. SBS : 그래프 참고
A12: 5.18 SBS : Target을 고용, 금융 surveilance 등으로 확대하면 좋을듯

Sheet pred_Ens_now
B1: GDP(SA) True | C1: Min | D1: Max | E1: Avg | F1: Median | G1: Med_item | H1: Adaptive selection | I1: Min1y_item | J1: Adaptive selection 1y | K1: Adaptive top5 1y | L1: Adaptive top3 1y | N1: 10percentile | O1: 25percentile | P1: median | Q1: 75percentile | R1: 90percentile
A2: 201603 | B2: 0.3 | C2: =min(pred_GDP_now!$C2:$Z2) -> -0.28277946 | D2: =MAX(pred_GDP_now!$C2:$Z2) -> 0.81979479 | E2: =AVERAGE(pred_GDP_now!$C2:$Z2) -> 0.35540903 | F2: =MEDIAN(pred_GDP_now!$C2:$Z2) -> 0.3269035 | N2: =percentile(pred_GDP_now!$C2:$Z2,0.1) -> 0.0562622 | O2: =percentile(pred_GDP_now!$C2:$Z2,0.25) -> 0.12235838 | P2: =percentile(pred_GDP_now!$C2:$Z2,0.5) -> 0.3269035 | Q2: =percentile(pred_GDP_now!$C2:$Z2,0.75) -> 0.56274242 | R2: =percentile(pred_GDP_now!$C2:$Z2,0.9) -> 0.7828439 | S2: =R2-N2 -> 0.7265817 | T2: =Q2-O2 -> 0.44038404
A3: 201606 | B3: 1.2 | C3: =min(pred_GDP_now!$C3:$Z3) -> 0.351429 | D3: =MAX(pred_GDP_now!$C3:$Z3) -> 1.7542191 | E3: =AVERAGE(pred_GDP_now!$C3:$Z3) -> 0.93919909 | F3: =MEDIAN(pred_GDP_now!$C3:$Z3) -> 0.90087982 | G3: {=index(pred_GDP_now!$C$1:$Z$1,1,match(MEDIAN(pred_GDP_now!$C2:$Z2),pred_GDP_now!$C2:$Z2))} -> BEM3 | H3: {=index(pred_GDP_now!$C3:$Z3,1,match(F2,pred_GDP_now!$C2:$Z2))} -> 0.891963 | N3: =percentile(pred_GDP_now!$C3:$Z3,0.1) -> 0.56936044 | O3: =percentile(pred_GDP_now!$C3:$Z3,0.25) -> 0.79155211 | P3: =percentile(pred_GDP_now!$C3:$Z3,0.5) -> 0.90087982 | Q3: =percentile(pred_GDP_now!$C3:$Z3,0.75) -> 1.0673239 | R3: =percentile(pred_GDP_now!$C3:$Z3,0.9) -> 1.2264864 | S3: =R3-N3 -> 0.65712596 | T3: =Q3-O3 -> 0.27577181
A4: 201609 | B4: 0.4 | C4: =min(pred_GDP_now!$C4:$Z4) -> 0.442873 | D4: =MAX(pred_GDP_now!$C4:$Z4) -> 0.95351116 | E4: =AVERAGE(pred_GDP_now!$C4:$Z4) -> 0.71328302 | F4: =MEDIAN(pred_GDP_now!$C4:$Z4) -> 0.69082605 | G4: {=index(pred_GDP_now!$C$1:$Z$1,1,match(MEDIAN(pred_GDP_now!$C3:$Z3),pred_GDP_now!$C3:$Z3))} -> LBVAR | H4: {=index(pred_GDP_now!$C4:$Z4,1,match(F3,pred_GDP_now!$C3:$Z3))} -> 0.936626 | N4: =percentile(pred_GDP_now!$C4:$Z4,0.1) -> 0.48284465 | O4: =percentile(pred_GDP_now!$C4:$Z4,0.25) -> 0.57108425 | P4: =percentile(pred_GDP_now!$C4:$Z4,0.5) -> 0.69082605 | Q4: =percentile(pred_GDP_now!$C4:$Z4,0.75) -> 0.91213058 | R4: =percentile(pred_GDP_now!$C4:$Z4,0.9) -> 0.9460599 | S4: =R4-N4 -> 0.46321525 | T4: =Q4-O4 -> 0.34104633
A5: 201612 | B5: 0.6 | C5: =min(pred_GDP_now!$C5:$Z5) -> 0.575754 | D5: =MAX(pred_GDP_now!$C5:$Z5) -> 1.336816 | E5: =AVERAGE(pred_GDP_now!$C5:$Z5) -> 0.92340418 | F5: =MEDIAN(pred_GDP_now!$C5:$Z5) -> 0.91673305 | G5: {=index(pred_GDP_now!$C$1:$Z$1,1,match(MEDIAN(pred_GDP_now!$C4:$Z4),pred_GDP_now!$C4:$Z4))} -> BEM3 | H5: {=index(pred_GDP_now!$C5:$Z5,1,match(F4,pred_GDP_now!$C4:$Z4))} -> 0.712063 | N5: =percentile(pred_GDP_now!$C5:$Z5,0.1) -> 0.6579339 | O5: =percentile(pred_GDP_now!$C5:$Z5,0.25) -> 0.71770891 | P5: =percentile(pred_GDP_now!$C5:$Z5,0.5) -> 0.91673305 | Q5: =percentile(pred_GDP_now!$C5:$Z5,0.75) -> 1.091472 | R5: =percentile(pred_GDP_now!$C5:$Z5,0.9) -> 1.2384428 | S5: =R5-N5 -> 0.58050886 | T5: =Q5-O5 -> 0.37376312
A6: 201703 | B6: 1 | C6: =min(pred_GDP_now!$C6:$Z6) -> 0.647591 | D6: =MAX(pred_GDP_now!$C6:$Z6) -> 1.447208 | E6: =AVERAGE(pred_GDP_now!$C6:$Z6) -> 1.0554523 | F6: =MEDIAN(pred_GDP_now!$C6:$Z6) -> 1.0756661 | G6: {=index(pred_GDP_now!$C$1:$Z$1,1,match(MEDIAN(pred_GDP_now!$C5:$Z5),pred_GDP_now!$C5:$Z5))} -> LBVAR | H6: {=index(pred_GDP_now!$C6:$Z6,1,match(F5,pred_GDP_now!$C5:$Z5))} -> 0.647591 | N6: =percentile(pred_GDP_now!$C6:$Z6,0.1) -> 0.84079291 | O6: =percentile(pred_GDP_now!$C6:$Z6,0.25) -> 1.049543 | P6: =percentile(pred_GDP_now!$C6:$Z6,0.5) -> 1.0756661 | Q6: =percentile(pred_GDP_now!$C6:$Z6,0.75) -> 1.1112154 | R6: =percentile(pred_GDP_now!$C6:$Z6,0.9) -> 1.1854212 | S6: =R6-N6 -> 0.34462825 | T6: =Q6-O6 -> 0.061672334
A7: 201706 | B7: 0.8 | C7: =min(pred_GDP_now!$C7:$Z7) -> 0.50836078 | D7: =MAX(pred_GDP_now!$C7:$Z7) -> 1.284572 | E7: =AVERAGE(pred_GDP_now!$C7:$Z7) -> 0.93931501 | F7: =MEDIAN(pred_GDP_now!$C7:$Z7) -> 0.94514546 | G7: {=index(pred_GDP_now!$C$1:$Z$1,1,match(MEDIAN(pred_GDP_now!$C6:$Z6),pred_GDP_now!$C6:$Z6))} -> T-M | H7: {=index(pred_GDP_now!$C7:$Z7,1,match(F6,pred_GDP_now!$C6:$Z6))} -> 0.94488392 | I7: {=index(pred_GDP_now!$C$1:$Z$1,1,match(min('Ens_now작업'!$C6:$Z6),'Ens_now작업'!$C6:$Z6,0))} -> BEM1 | J7: {=index(pred_GDP_now!$C7:$Z7,1,match(min('Ens_now작업'!$C6:$Z6),'Ens_now작업'!$C6:$Z6,0))} -> 1.108525 | K7: =AVERAGE('Ens_now작업2'!$C7:$Z7) -> 1.0449862 | L7: =AVERAGE('Ens_now작업3'!$C7:$Z7) -> 1.083297 | N7: =percentile(pred_GDP_now!$C7:$Z7,0.1) -> 0.7185911 | O7: =percentile(pred_GDP_now!$C7:$Z7,0.25) -> 0.79299871 | P7: =percentile(pred_GDP_now!$C7:$Z7,0.5) -> 0.94514546 | Q7: =percentile(pred_GDP_now!$C7:$Z7,0.75) -> 1.088802 | R7: =percentile(pred_GDP_now!$C7:$Z7,0.9) -> 1.1719437 | S7: =R7-N7 -> 0.45335257 | T7: =Q7-O7 -> 0.29580325
A8: 201709 | B8: 1.4 | C8: =min(pred_GDP_now!$C8:$Z8) -> 0.275753 | D8: =MAX(pred_GDP_now!$C8:$Z8) -> 0.973802 | E8: =AVERAGE(pred_GDP_now!$C8:$Z8) -> 0.72659198 | F8: =MEDIAN(pred_GDP_now!$C8:$Z8) -> 0.77195513 | G8: {=index(pred_GDP_now!$C$1:$Z$1,1,match(MEDIAN(pred_GDP_now!$C7:$Z7),pred_GDP_now!$C7:$Z7))} -> RF-DVS | H8: {=index(pred_GDP_now!$C8:$Z8,1,match(F7,pred_GDP_now!$C7:$Z7))} -> 0.8004513 | I8: {=index(pred_GDP_now!$C$1:$Z$1,1,match(min('Ens_now작업'!$C7:$Z7),'Ens_now작업'!$C7:$Z7,0))} -> BEM2 | J8: {=index(pred_GDP_now!$C8:$Z8,1,match(min('Ens_now작업'!$C7:$Z7),'Ens_now작업'!$C7:$Z7,0))} -> 0.275753 | K8: =AVERAGE('Ens_now작업2'!$C8:$Z8) -> 0.54375144 | L8: =AVERAGE('Ens_now작업3'!$C8:$Z8) -> 0.32089833 | N8: =percentile(pred_GDP_now!$C8:$Z8,0.1) -> 0.321163 | O8: =percentile(pred_GDP_now!$C8:$Z8,0.25) -> 0.68502043 | P8: =percentile(pred_GDP_now!$C8:$Z8,0.5) -> 0.77195513 | Q8: =percentile(pred_GDP_now!$C8:$Z8,0.75) -> 0.91098794 | R8: =percentile(pred_GDP_now!$C8:$Z8,0.9) -> 0.9667883 | S8: =R8-N8 -> 0.6456253 | T8: =Q8-O8 -> 0.22596751
A9: 201712 | B9: -0.3 | C9: =min(pred_GDP_now!$C9:$Z9) -> 0.354928 | D9: =MAX(pred_GDP_now!$C9:$Z9) -> 1.387553 | E9: =AVERAGE(pred_GDP_now!$C9:$Z9) -> 0.76334476 | F9: =MEDIAN(pred_GDP_now!$C9:$Z9) -> 0.73130219 | G9: {=index(pred_GDP_now!$C$1:$Z$1,1,match(MEDIAN(pred_GDP_now!$C8:$Z8),pred_GDP_now!$C8:$Z8))} -> BEM3 | H9: {=index(pred_GDP_now!$C9:$Z9,1,match(F8,pred_GDP_now!$C8:$Z8))} -> 0.895778 | I9: {=index(pred_GDP_now!$C$1:$Z$1,1,match(min('Ens_now작업'!$C8:$Z8),'Ens_now작업'!$C8:$Z8,0))} -> LQR | J9: {=index(pred_GDP_now!$C9:$Z9,1,match(min('Ens_now작업'!$C8:$Z8),'Ens_now작업'!$C8:$Z8,0))} -> 0.354928 | K9: =AVERAGE('Ens_now작업2'!$C9:$Z9) -> 0.72402163 | L9: =AVERAGE('Ens_now작업3'!$C9:$Z9) -> 0.64149233 | N9: =percentile(pred_GDP_now!$C9:$Z9,0.1) -> 0.48852739 | O9: =percentile(pred_GDP_now!$C9:$Z9,0.25) -> 0.678852 | P9: =percentile(pred_GDP_now!$C9:$Z9,0.5) -> 0.73130219 | Q9: =percentile(pred_GDP_now!$C9:$Z9,0.75) -> 0.88865022 | R9: =percentile(pred_GDP_now!$C9:$Z9,0.9) -> 0.9353987 | S9: =R9-N9 -> 0.44687131 | T9: =Q9-O9 -> 0.20979822
A10: 201803 | B10: 1.3 | C10: =min(pred_GDP_now!$C10:$Z10) -> 0.678722 | D10: =MAX(pred_GDP_now!$C10:$Z10) -> 1.71661 | E10: =AVERAGE(pred_GDP_now!$C10:$Z10) -> 0.94867323 | F10: =MEDIAN(pred_GDP_now!$C10:$Z10) -> 0.8725805 | G10: {=index(pred_GDP_now!$C$1:$Z$1,1,match(MEDIAN(pred_GDP_now!$C9:$Z9),pred_GDP_now!$C9:$Z9))} -> CRNN | H10: {=index(pred_GDP_now!$C10:$Z10,1,match(F9,pred_GDP_now!$C9:$Z9))} -> 0.80441034 | I10: {=index(pred_GDP_now!$C$1:$Z$1,1,match(min('Ens_now작업'!$C9:$Z9),'Ens_now작업'!$C9:$Z9,0))} -> LBVAR | J10: {=index(pred_GDP_now!$C10:$Z10,1,match(min('Ens_now작업'!$C9:$Z9),'Ens_now작업'!$C9:$Z9,0))} -> 0.753485 | K10: =AVERAGE('Ens_now작업2'!$C10:$Z10) -> 0.91041805 | L10: =AVERAGE('Ens_now작업3'!$C10:$Z10) -> 0.93411009 | N10: =percentile(pred_GDP_now!$C10:$Z10,0.1) -> 0.71044038 | O10: =percentile(pred_GDP_now!$C10:$Z10,0.25) -> 0.74661275 | P10: =percentile(pred_GDP_now!$C10:$Z10,0.5) -> 0.8725805 | Q10: =percentile(pred_GDP_now!$C10:$Z10,0.75) -> 1.0823579 | R10: =percentile(pred_GDP_now!$C10:$Z10,0.9) -> 1.1833963 | S10: =R10-N10 -> 0.47295592 | T10: =Q10-O10 -> 0.33574512
A11: 201806 | B11: 0.7 | C11: =min(pred_GDP_now!$C11:$Z11) -> 0.31626 | D11: =MAX(pred_GDP_now!$C11:$Z11) -> 1.3132168 | E11: =AVERAGE(pred_GDP_now!$C11:$Z11) -> 0.67872928 | F11: =MEDIAN(pred_GDP_now!$C11:$Z11) -> 0.61506395 | G11: {=index(pred_GDP_now!$C$1:$Z$1,1,match(MEDIAN(pred_GDP_now!$C10:$Z10),pred_GDP_now!$C10:$Z10))} -> LBVAR | H11: {=index(pred_GDP_now!$C11:$Z11,1,match(F10,pred_GDP_now!$C10:$Z10))} -> 0.31626 | I11: {=index(pred_GDP_now!$C$1:$Z$1,1,match(min('Ens_now작업'!$C10:$Z10),'Ens_now작업'!$C10:$Z10,0))} -> VAR | J11: {=index(pred_GDP_now!$C11:$Z11,1,match(min('Ens_now작업'!$C10:$Z10),'Ens_now작업'!$C10:$Z10,0))} -> 0.837201 | K11: =AVERAGE('Ens_now작업2'!$C11:$Z11) -> 0.63025017 | L11: =AVERAGE('Ens_now작업3'!$C11:$Z11) -> 0.70078742 | N11: =percentile(pred_GDP_now!$C11:$Z11,0.1) -> 0.51464993 | O11: =percentile(pred_GDP_now!$C11:$Z11,0.25) -> 0.55594987 | P11: =percentile(pred_GDP_now!$C11:$Z11,0.5) -> 0.61506395 | Q11: =percentile(pred_GDP_now!$C11:$Z11,0.75) -> 0.70882925 | R11: =percentile(pred_GDP_now!$C11:$Z11,0.9) -> 0.92287739 | S11: =R11-N11 -> 0.40822746 | T11: =Q11-O11 -> 0.15287938
A12: 201809 | B12: 0.6 | C12: =min(pred_GDP_now!$C12:$Z12) -> 0.320519 | D12: =MAX(pred_GDP_now!$C12:$Z12) -> 1.0800163 | E12: =AVERAGE(pred_GDP_now!$C12:$Z12) -> 0.63921067 | F12: =MEDIAN(pred_GDP_now!$C12:$Z12) -> 0.59250633 | G12: {=index(pred_GDP_now!$C$1:$Z$1,1,match(MEDIAN(pred_GDP_now!$C11:$Z11),pred_GDP_now!$C11:$Z11))} -> T-M | H12: {=index(pred_GDP_now!$C12:$Z12,1,match(F11,pred_GDP_now!$C11:$Z11))} -> 1.0457688 | I12: {=index(pred_GDP_now!$C$1:$Z$1,1,match(min('Ens_now작업'!$C11:$Z11),'Ens_now작업'!$C11:$Z11,0))} -> SVR-KNN | J12: {=index(pred_GDP_now!$C12:$Z12,1,match(min('Ens_now작업'!$C11:$Z11),'Ens_now작업'!$C11:$Z11,0))} -> 0.60425636 | K12: =AVERAGE('Ens_now작업2'!$C12:$Z12) -> 0.70742781 | L12: =AVERAGE('Ens_now작업3'!$C12:$Z12) -> 0.62894289 | N12: =percentile(pred_GDP_now!$C12:$Z12,0.1) -> 0.35177845 | O12: =percentile(pred_GDP_now!$C12:$Z12,0.25) -> 0.4876715 | P12: =percentile(pred_GDP_now!$C12:$Z12,0.5) -> 0.59250633 | Q12: =percentile(pred_GDP_now!$C12:$Z12,0.75) -> 0.69772634 | R12: =percentile(pred_GDP_now!$C12:$Z12,0.9) -> 1.0233674 | S12: =R12-N12 -> 0.67158892 | T12: =Q12-O12 -> 0.21005484
A13: 201812 | B13: 0.6 | C13: =min(pred_GDP_now!$C13:$Z13) -> -0.02169 | D13: =MAX(pred_GDP_now!$C13:$Z13) -> 1.1399713 | E13: =AVERAGE(pred_GDP_now!$C13:$Z13) -> 0.42536069 | F13: =MEDIAN(pred_GDP_now!$C13:$Z13) -> 0.38088987 | G13: {=index(pred_GDP_now!$C$1:$Z$1,1,match(MEDIAN(pred_GDP_now!$C12:$Z12),pred_GDP_now!$C12:$Z12))} -> LBVAR | H13: {=index(pred_GDP_now!$C13:$Z13,1,match(F12,pred_GDP_now!$C12:$Z12))} -> 0.749574 | I13: {=index(pred_GDP_now!$C$1:$Z$1,1,match(min('Ens_now작업'!$C12:$Z12),'Ens_now작업'!$C12:$Z12,0))} -> SVR-KNN | J13: {=index(pred_GDP_now!$C13:$Z13,1,match(min('Ens_now작업'!$C12:$Z12),'Ens_now작업'!$C12:$Z12,0))} -> 0.45311828 | K13: =AVERAGE('Ens_now작업2'!$C13:$Z13) -> 0.53594862 | L13: =AVERAGE('Ens_now작업3'!$C13:$Z13) -> 0.42462676 | N13: =percentile(pred_GDP_now!$C13:$Z13,0.1) -> 0.068340909 | O13: =percentile(pred_GDP_now!$C13:$Z13,0.25) -> 0.1497315 | P13: =percentile(pred_GDP_now!$C13:$Z13,0.5) -> 0.38088987 | Q13: =percentile(pred_GDP_now!$C13:$Z13,0.75) -> 0.69262376 | R13: =percentile(pred_GDP_now!$C13:$Z13,0.9) -> 0.74234688 | S13: =R13-N13 -> 0.67400597 | T13: =Q13-O13 -> 0.54289226
A14: 201903 | B14: -0.1 | C14: =min(pred_GDP_now!$C14:$Z14) -> -0.567977 | D14: =MAX(pred_GDP_now!$C14:$Z14) -> 0.75638 | E14: =AVERAGE(pred_GDP_now!$C14:$Z14) -> 0.23252975 | F14: =MEDIAN(pred_GDP_now!$C14:$Z14) -> 0.259024 | G14: {=index(pred_GDP_now!$C$1:$Z$1,1,match(MEDIAN(pred_GDP_now!$C13:$Z13),pred_GDP_now!$C13:$Z13))} -> BEM3 | H14: {=index(pred_GDP_now!$C14:$Z14,1,match(F13,pred_GDP_now!$C13:$Z13))} -> 0.156505 | I14: {=index(pred_GDP_now!$C$1:$Z$1,1,match(min('Ens_now작업'!$C13:$Z13),'Ens_now작업'!$C13:$Z13,0))} -> SVR-KNN | J14: {=index(pred_GDP_now!$C14:$Z14,1,match(min('Ens_now작업'!$C13:$Z13),'Ens_now작업'!$C13:$Z13,0))} -> -0.086190051 | K14: =AVERAGE('Ens_now작업2'!$C14:$Z14) -> 5.2374093e-05 | L14: =AVERAGE('Ens_now작업3'!$C14:$Z14) -> -0.013610377 | N14: =percentile(pred_GDP_now!$C14:$Z14,0.1) -> -0.290057 | O14: =percentile(pred_GDP_now!$C14:$Z14,0.25) -> -0.082707538 | P14: =percentile(pred_GDP_now!$C14:$Z14,0.5) -> 0.259024 | Q14: =percentile(pred_GDP_now!$C14:$Z14,0.75) -> 0.6115525 | R14: =percentile(pred_GDP_now!$C14:$Z14,0.9) -> 0.70336703 | S14: =R14-N14 -> 0.99342403 | T14: =Q14-O14 -> 0.69426003
A15: 201906 | B15: 1.1 | C15: =min(pred_GDP_now!$C15:$Z15) -> 0.5128888 | D15: =MAX(pred_GDP_now!$C15:$Z15) -> 1.3090551 | E15: =AVERAGE(pred_GDP_now!$C15:$Z15) -> 0.95556426 | F15: =MEDIAN(pred_GDP_now!$C15:$Z15) -> 0.9269905 | G15: {=index(pred_GDP_now!$C$1:$Z$1,1,match(MEDIAN(pred_GDP_now!$C14:$Z14),pred_GDP_now!$C14:$Z14))} -> BEM3 | H15: {=index(pred_GDP_now!$C15:$Z15,1,match(F14,pred_GDP_now!$C14:$Z14))} -> 0.803238 | I15: {=index(pred_GDP_now!$C$1:$Z$1,1,match(min('Ens_now작업'!$C14:$Z14),'Ens_now작업'!$C14:$Z14,0))} -> SVR-KNN | J15: {=index(pred_GDP_now!$C15:$Z15,1,match(min('Ens_now작업'!$C14:$Z14),'Ens_now작업'!$C14:$Z14,0))} -> 0.87297946 | K15: =AVERAGE('Ens_now작업2'!$C15:$Z15) -> 0.88363496 | L15: =AVERAGE('Ens_now작업3'!$C15:$Z15) -> 0.87291812 | N15: =percentile(pred_GDP_now!$C15:$Z15,0.1) -> 0.8135292 | O15: =percentile(pred_GDP_now!$C15:$Z15,0.25) -> 0.85675973 | P15: =percentile(pred_GDP_now!$C15:$Z15,0.5) -> 0.9269905 | Q15: =percentile(pred_GDP_now!$C15:$Z15,0.75) -> 1.0600314 | R15: =percentile(pred_GDP_now!$C15:$Z15,0.9) -> 1.2118837 | S15: =R15-N15 -> 0.39835451 | T15: =Q15-O15 -> 0.20327167
A16: 201909 | B16: 0.4 | C16: =min(pred_GDP_now!$C16:$Z16) -> 0.351543 | D16: =MAX(pred_GDP_now!$C16:$Z16) -> 1.1893855 | E16: =AVERAGE(pred_GDP_now!$C16:$Z16) -> 0.7006273 | F16: =MEDIAN(pred_GDP_now!$C16:$Z16) -> 0.69009547 | G16: {=index(pred_GDP_now!$C$1:$Z$1,1,match(MEDIAN(pred_GDP_now!$C15:$Z15),pred_GDP_now!$C15:$Z15))} -> RF-DVS | H16: {=index(pred_GDP_now!$C16:$Z16,1,match(F15,pred_GDP_now!$C15:$Z15))} -> 0.70446534 | I16: {=index(pred_GDP_now!$C$1:$Z$1,1,match(min('Ens_now작업'!$C15:$Z15),'Ens_now작업'!$C15:$Z15,0))} -> SVR-KNN | J16: {=index(pred_GDP_now!$C16:$Z16,1,match(min('Ens_now작업'!$C15:$Z15),'Ens_now작업'!$C15:$Z15,0))} -> 0.47015826 | K16: =AVERAGE('Ens_now작업2'!$C16:$Z16) -> 0.58390685 | L16: =AVERAGE('Ens_now작업3'!$C16:$Z16) -> 0.47714375 | N16: =percentile(pred_GDP_now!$C16:$Z16,0.1) -> 0.45591448 | O16: =percentile(pred_GDP_now!$C16:$Z16,0.25) -> 0.48702159 | P16: =percentile(pred_GDP_now!$C16:$Z16,0.5) -> 0.69009547 | Q16: =percentile(pred_GDP_now!$C16:$Z16,0.75) -> 0.80229175 | R16: =percentile(pred_GDP_now!$C16:$Z16,0.9) -> 1.0104611 | S16: =R16-N16 -> 0.55454663 | T16: =Q16-O16 -> 0.31527016
A17: 201912 | B17: 1.2 | C17: =min(pred_GDP_now!$C17:$Z17) -> 0.077020831 | D17: =MAX(pred_GDP_now!$C17:$Z17) -> 1.1246174 | E17: =AVERAGE(pred_GDP_now!$C17:$Z17) -> 0.67144946 | F17: =MEDIAN(pred_GDP_now!$C17:$Z17) -> 0.66286925 | G17: {=index(pred_GDP_now!$C$1:$Z$1,1,match(MEDIAN(pred_GDP_now!$C16:$Z16),pred_GDP_now!$C16:$Z16))} -> SVR-KNN | H17: {=index(pred_GDP_now!$C17:$Z17,1,match(F16,pred_GDP_now!$C16:$Z16))} -> 0.8978016 | I17: {=index(pred_GDP_now!$C$1:$Z$1,1,match(min('Ens_now작업'!$C16:$Z16),'Ens_now작업'!$C16:$Z16,0))} -> SVR-KNN | J17: {=index(pred_GDP_now!$C17:$Z17,1,match(min('Ens_now작업'!$C16:$Z16),'Ens_now작업'!$C16:$Z16,0))} -> 0.8978016 | K17: =AVERAGE('Ens_now작업2'!$C17:$Z17) -> 0.71405782 | L17: =AVERAGE('Ens_now작업3'!$C17:$Z17) -> 0.79029287 | N17: =percentile(pred_GDP_now!$C17:$Z17,0.1) -> 0.3119385 | O17: =percentile(pred_GDP_now!$C17:$Z17,0.25) -> 0.55998388 | P17: =percentile(pred_GDP_now!$C17:$Z17,0.5) -> 0.66286925 | Q17: =percentile(pred_GDP_now!$C17:$Z17,0.75) -> 0.87213219 | R17: =percentile(pred_GDP_now!$C17:$Z17,0.9) -> 0.95221028 | S17: =R17-N17 -> 0.64027178 | T17: =Q17-O17 -> 0.31214831
A18: 202003 | B18: -1.3 | C18: =min(pred_GDP_now!$C18:$Z18) -> -0.72131866 | D18: =MAX(pred_GDP_now!$C18:$Z18) -> 0.839619 | E18: =AVERAGE(pred_GDP_now!$C18:$Z18) -> 0.11210531 | F18: =MEDIAN(pred_GDP_now!$C18:$Z18) -> 0.045004424 | G18: {=index(pred_GDP_now!$C$1:$Z$1,1,match(MEDIAN(pred_GDP_now!$C17:$Z17),pred_GDP_now!$C17:$Z17))} -> LBVAR | H18: {=index(pred_GDP_now!$C18:$Z18,1,match(F17,pred_GDP_now!$C17:$Z17))} -> 0.279367 | I18: {=index(pred_GDP_now!$C$1:$Z$1,1,match(min('Ens_now작업'!$C17:$Z17),'Ens_now작업'!$C17:$Z17,0))} -> SVR-KNN | J18: {=index(pred_GDP_now!$C18:$Z18,1,match(min('Ens_now작업'!$C17:$Z17),'Ens_now작업'!$C17:$Z17,0))} -> 0.23187381 | K18: =AVERAGE('Ens_now작업2'!$C18:$Z18) -> 0.066377582 | L18: =AVERAGE('Ens_now작업3'!$C18:$Z18) -> 0.062578354 | N18: =percentile(pred_GDP_now!$C18:$Z18,0.1) -> -0.11444362 | O18: =percentile(pred_GDP_now!$C18:$Z18,0.25) -> -0.033963863 | P18: =percentile(pred_GDP_now!$C18:$Z18,0.5) -> 0.045004424 | Q18: =percentile(pred_GDP_now!$C18:$Z18,0.75) -> 0.2674937 | R18: =percentile(pred_GDP_now!$C18:$Z18,0.9) -> 0.52694462 | S18: =R18-N18 -> 0.64138824 | T18: =Q18-O18 -> 0.30145756
... A30: 202303 | B30: 0.3 | C30: =min(pred_GDP_now!$C30:$Z30) -> 0.056324366 | D30: =MAX(pred_GDP_now!$C30:$Z30) -> 0.606136 | E30: =AVERAGE(pred_GDP_now!$C30:$Z30) -> 0.37668744 | F30: =MEDIAN(pred_GDP_now!$C30:$Z30) -> 0.426876 | G30: {=index(pred_GDP_now!$C$1:$Z$1,1,match(MEDIAN(pred_GDP_now!$C29:$Z29),pred_GDP_now!$C29:$Z29))} -> CRNN | H30: {=index(pred_GDP_now!$C30:$Z30,1,match(F29,pred_GDP_now!$C29:$Z29))} | I30: {=index(pred_GDP_now!$C$1:$Z$1,1,match(min('Ens_now작업'!$C29:$Z29),'Ens_now작업'!$C29:$Z29,0))} -> BEM1 | J30: {=index(pred_GDP_now!$C30:$Z30,1,match(min('Ens_now작업'!$C29:$Z29),'Ens_now작업'!$C29:$Z29,0))} -> 0.32618 | K30: =AVERAGE('Ens_now작업2'!$C30:$Z30) -> 0.34965291 | L30: =AVERAGE('Ens_now작업3'!$C30:$Z30) -> 0.32391188 | N30: =percentile(pred_GDP_now!$C30:$Z30,0.1) -> 0.16389607 | O30: =percentile(pred_GDP_now!$C30:$Z30,0.25) -> 0.32618 | P30: =percentile(pred_GDP_now!$C30:$Z30,0.5) -> 0.426876 | Q30: =percentile(pred_GDP_now!$C30:$Z30,0.75) -> 0.45476664 | R30: =percentile(pred_GDP_now!$C30:$Z30,0.9) -> 0.53339878 | S30: =R30-N30 -> 0.3695027 | T30: =Q30-O30 -> 0.12858664

Sheet err_Ens_now
B1: GDP(SA) True | C1: Min | D1: Max | E1: Avg | F1: Median | H1: Adaptive selection | J1: Adaptive selection 1y | K1: Adaptive top5 1y | L1: Adaptive top5 1y
A2: 201603 | B2: 0.3 | C2: =abs(pred_Ens_now!C2-pred_Ens_now!$B2) -> 0.58277946 | D2: =abs(pred_Ens_now!D2-pred_Ens_now!$B2) -> 0.51979479 | E2: =abs(pred_Ens_now!E2-pred_Ens_now!$B2) -> 0.055409029 | F2: =abs(pred_Ens_now!F2-pred_Ens_now!$B2) -> 0.026903497
A3: 201606 | B3: 1.2 | C3: =abs(pred_Ens_now!C3-pred_Ens_now!$B3) -> 0.848571 | D3: =abs(pred_Ens_now!D3-pred_Ens_now!$B3) -> 0.55421906 | E3: =abs(pred_Ens_now!E3-pred_Ens_now!$B3) -> 0.26080091 | F3: =abs(pred_Ens_now!F3-pred_Ens_now!$B3) -> 0.29912018
A4: 201609 | B4: 0.4 | C4: =abs(pred_Ens_now!C4-pred_Ens_now!$B4) -> 0.042873 | D4: =abs(pred_Ens_now!D4-pred_Ens_now!$B4) -> 0.55351116 | E4: =abs(pred_Ens_now!E4-pred_Ens_now!$B4) -> 0.31328302 | F4: =abs(pred_Ens_now!F4-pred_Ens_now!$B4) -> 0.29082605
A5: 201612 | B5: 0.6 | C5: =abs(pred_Ens_now!C5-pred_Ens_now!$B5) -> 0.024246 | D5: =abs(pred_Ens_now!D5-pred_Ens_now!$B5) -> 0.736816 | E5: =abs(pred_Ens_now!E5-pred_Ens_now!$B5) -> 0.32340418 | F5: =abs(pred_Ens_now!F5-pred_Ens_now!$B5) -> 0.31673305
A6: 201703 | B6: 1 | C6: =abs(pred_Ens_now!C6-pred_Ens_now!$B6) -> 0.352409 | D6: =abs(pred_Ens_now!D6-pred_Ens_now!$B6) -> 0.447208 | E6: =abs(pred_Ens_now!E6-pred_Ens_now!$B6) -> 0.055452283 | F6: =abs(pred_Ens_now!F6-pred_Ens_now!$B6) -> 0.075666118
A7: 201706 | B7: 0.8 | C7: =abs(pred_Ens_now!C7-pred_Ens_now!$B7) -> 0.29163922 | D7: =abs(pred_Ens_now!D7-pred_Ens_now!$B7) -> 0.484572 | E7: =abs(pred_Ens_now!E7-pred_Ens_now!$B7) -> 0.13931501 | F7: =abs(pred_Ens_now!F7-pred_Ens_now!$B7) -> 0.14514546 | H7: =abs(pred_Ens_now!H7-pred_Ens_now!$B7) -> 0.14488392 | J7: =abs(pred_Ens_now!J7-pred_Ens_now!$B7) -> 0.308525 | K7: =abs(pred_Ens_now!K7-pred_Ens_now!$B7) -> 0.24498617 | L7: =abs(pred_Ens_now!L7-pred_Ens_now!$B7) -> 0.283297
A8: 201709 | B8: 1.4 | C8: =abs(pred_Ens_now!C8-pred_Ens_now!$B8) -> 1.124247 | D8: =abs(pred_Ens_now!D8-pred_Ens_now!$B8) -> 0.426198 | E8: =abs(pred_Ens_now!E8-pred_Ens_now!$B8) -> 0.67340802 | F8: =abs(pred_Ens_now!F8-pred_Ens_now!$B8) -> 0.62804487 | H8: =abs(pred_Ens_now!H8-pred_Ens_now!$B8) -> 0.5995487 | J8: =abs(pred_Ens_now!J8-pred_Ens_now!$B8) -> 1.124247 | K8: =abs(pred_Ens_now!K8-pred_Ens_now!$B8) -> 0.85624856 | L8: =abs(pred_Ens_now!L8-pred_Ens_now!$B8) -> 1.0791017
A9: 201712 | B9: -0.3 | C9: =abs(pred_Ens_now!C9-pred_Ens_now!$B9) -> 0.654928 | D9: =abs(pred_Ens_now!D9-pred_Ens_now!$B9) -> 1.687553 | E9: =abs(pred_Ens_now!E9-pred_Ens_now!$B9) -> 1.0633448 | F9: =abs(pred_Ens_now!F9-pred_Ens_now!$B9) -> 1.0313022 | H9: =abs(pred_Ens_now!H9-pred_Ens_now!$B9) -> 1.195778 | J9: =abs(pred_Ens_now!J9-pred_Ens_now!$B9) -> 0.654928 | K9: =abs(pred_Ens_now!K9-pred_Ens_now!$B9) -> 1.0240216 | L9: =abs(pred_Ens_now!L9-pred_Ens_now!$B9) -> 0.94149233
A10: 201803 | B10: 1.3 | C10: =abs(pred_Ens_now!C10-pred_Ens_now!$B10) -> 0.621278 | D10: =abs(pred_Ens_now!D10-pred_Ens_now!$B10) -> 0.41661 | E10: =abs(pred_Ens_now!E10-pred_Ens_now!$B10) -> 0.35132677 | F10: =abs(pred_Ens_now!F10-pred_Ens_now!$B10) -> 0.4274195 | H10: =abs(pred_Ens_now!H10-pred_Ens_now!$B10) -> 0.49558966 | J10: =abs(pred_Ens_now!J10-pred_Ens_now!$B10) -> 0.546515 | K10: =abs(pred_Ens_now!K10-pred_Ens_now!$B10) -> 0.38958195 | L10: =abs(pred_Ens_now!L10-pred_Ens_now!$B10) -> 0.36588991
A11: 201806 | B11: 0.7 | C11: =abs(pred_Ens_now!C11-pred_Ens_now!$B11) -> 0.38374 | D11: =abs(pred_Ens_now!D11-pred_Ens_now!$B11) -> 0.61321681 | E11: =abs(pred_Ens_now!E11-pred_Ens_now!$B11) -> 0.021270724 | F11: =abs(pred_Ens_now!F11-pred_Ens_now!$B11) -> 0.08493605 | H11: =abs(pred_Ens_now!H11-pred_Ens_now!$B11) -> 0.38374 | J11: =abs(pred_Ens_now!J11-pred_Ens_now!$B11) -> 0.137201 | K11: =abs(pred_Ens_now!K11-pred_Ens_now!$B11) -> 0.069749832 | L11: =abs(pred_Ens_now!L11-pred_Ens_now!$B11) -> 0.00078742241
A12: 201809 | B12: 0.6 | C12: =abs(pred_Ens_now!C12-pred_Ens_now!$B12) -> 0.279481 | D12: =abs(pred_Ens_now!D12-pred_Ens_now!$B12) -> 0.4800163 | E12: =abs(pred_Ens_now!E12-pred_Ens_now!$B12) -> 0.039210672 | F12: =abs(pred_Ens_now!F12-pred_Ens_now!$B12) -> 0.00749367 | H12: =abs(pred_Ens_now!H12-pred_Ens_now!$B12) -> 0.44576878 | J12: =abs(pred_Ens_now!J12-pred_Ens_now!$B12) -> 0.004256361 | K12: =abs(pred_Ens_now!K12-pred_Ens_now!$B12) -> 0.10742781 | L12: =abs(pred_Ens_now!L12-pred_Ens_now!$B12) -> 0.028942887
A13: 201812 | B13: 0.6 | C13: =abs(pred_Ens_now!C13-pred_Ens_now!$B13) -> 0.62169 | D13: =abs(pred_Ens_now!D13-pred_Ens_now!$B13) -> 0.53997129 | E13: =abs(pred_Ens_now!E13-pred_Ens_now!$B13) -> 0.17463931 | F13: =abs(pred_Ens_now!F13-pred_Ens_now!$B13) -> 0.21911013 | H13: =abs(pred_Ens_now!H13-pred_Ens_now!$B13) -> 0.149574 | J13: =abs(pred_Ens_now!J13-pred_Ens_now!$B13) -> 0.14688172 | K13: =abs(pred_Ens_now!K13-pred_Ens_now!$B13) -> 0.064051382 | L13: =abs(pred_Ens_now!L13-pred_Ens_now!$B13) -> 0.17537324
A14: 201903 | B14: -0.1 | C14: =abs(pred_Ens_now!C14-pred_Ens_now!$B14) -> 0.467977 | D14: =abs(pred_Ens_now!D14-pred_Ens_now!$B14) -> 0.85638 | E14: =abs(pred_Ens_now!E14-pred_Ens_now!$B14) -> 0.33252975 | F14: =abs(pred_Ens_now!F14-pred_Ens_now!$B14) -> 0.359024 | H14: =abs(pred_Ens_now!H14-pred_Ens_now!$B14) -> 0.256505 | J14: =abs(pred_Ens_now!J14-pred_Ens_now!$B14) -> 0.013809949 | K14: =abs(pred_Ens_now!K14-pred_Ens_now!$B14) -> 0.10005237 | L14: =abs(pred_Ens_now!L14-pred_Ens_now!$B14) -> 0.086389623
A15: 201906 | B15: 1.1 | C15: =abs(pred_Ens_now!C15-pred_Ens_now!$B15) -> 0.5871112 | D15: =abs(pred_Ens_now!D15-pred_Ens_now!$B15) -> 0.20905509 | E15: =abs(pred_Ens_now!E15-pred_Ens_now!$B15) -> 0.14443574 | F15: =abs(pred_Ens_now!F15-pred_Ens_now!$B15) -> 0.1730095 | H15: =abs(pred_Ens_now!H15-pred_Ens_now!$B15) -> 0.296762 | J15: =abs(pred_Ens_now!J15-pred_Ens_now!$B15) -> 0.22702054 | K15: =abs(pred_Ens_now!K15-pred_Ens_now!$B15) -> 0.21636504 | L15: =abs(pred_Ens_now!L15-pred_Ens_now!$B15) -> 0.22708188
A16: 201909 | B16: 0.4 | C16: =abs(pred_Ens_now!C16-pred_Ens_now!$B16) -> 0.048457 | D16: =abs(pred_Ens_now!D16-pred_Ens_now!$B16) -> 0.7893855 | E16: =abs(pred_Ens_now!E16-pred_Ens_now!$B16) -> 0.3006273 | F16: =abs(pred_Ens_now!F16-pred_Ens_now!$B16) -> 0.29009547 | H16: =abs(pred_Ens_now!H16-pred_Ens_now!$B16) -> 0.30446534 | J16: =abs(pred_Ens_now!J16-pred_Ens_now!$B16) -> 0.070158258 | K16: =abs(pred_Ens_now!K16-pred_Ens_now!$B16) -> 0.18390685 | L16: =abs(pred_Ens_now!L16-pred_Ens_now!$B16) -> 0.077143753
A17: 201912 | B17: 1.2 | C17: =abs(pred_Ens_now!C17-pred_Ens_now!$B17) -> 1.1229792 | D17: =abs(pred_Ens_now!D17-pred_Ens_now!$B17) -> 0.075382592 | E17: =abs(pred_Ens_now!E17-pred_Ens_now!$B17) -> 0.52855054 | F17: =abs(pred_Ens_now!F17-pred_Ens_now!$B17) -> 0.53713075 | H17: =abs(pred_Ens_now!H17-pred_Ens_now!$B17) -> 0.3021984 | J17: =abs(pred_Ens_now!J17-pred_Ens_now!$B17) -> 0.3021984 | K17: =abs(pred_Ens_now!K17-pred_Ens_now!$B17) -> 0.48594218 | L17: =abs(pred_Ens_now!L17-pred_Ens_now!$B17) -> 0.40970713
A18: 202003 | B18: -1.3 | C18: =abs(pred_Ens_now!C18-pred_Ens_now!$B18) -> 0.57868134 | D18: =abs(pred_Ens_now!D18-pred_Ens_now!$B18) -> 2.139619 | E18: =abs(pred_Ens_now!E18-pred_Ens_now!$B18) -> 1.4121053 | F18: =abs(pred_Ens_now!F18-pred_Ens_now!$B18) -> 1.3450044 | H18: =abs(pred_Ens_now!H18-pred_Ens_now!$B18) -> 1.579367 | J18: =abs(pred_Ens_now!J18-pred_Ens_now!$B18) -> 1.5318738 | K18: =abs(pred_Ens_now!K18-pred_Ens_now!$B18) -> 1.3663776 | L18: =abs(pred_Ens_now!L18-pred_Ens_now!$B18) -> 1.3625784
... A29: 202212 | B29: -0.3 | C29: =abs(pred_Ens_now!C29-pred_Ens_now!$B29) -> 0.63253 | D29: =abs(pred_Ens_now!D29-pred_Ens_now!$B29) -> 0.75885565 | E29: =abs(pred_Ens_now!E29-pred_Ens_now!$B29) -> 0.0099344122 | F29: =abs(pred_Ens_now!F29-pred_Ens_now!$B29) -> 0.1367855 | H29: =abs(pred_Ens_now!H29-pred_Ens_now!$B29) -> 0.25036 | J29: =abs(pred_Ens_now!J29-pred_Ens_now!$B29) -> 0.26236 | K29: =abs(pred_Ens_now!K29-pred_Ens_now!$B29) -> 0.15194811 | L29: =abs(pred_Ens_now!L29-pred_Ens_now!$B29) -> 0.28501
A30: 202303 | B30: 0.3
B32: MAE | C32: =AVERAGE(C2:C30) -> 0.71676789 | D32: =AVERAGE(D2:D30) -> 0.94312144 | E32: =AVERAGE(E2:E30) -> 0.37216383 | F32: =AVERAGE(F2:F30) -> 0.41241194 | H32: =AVERAGE(H2:H30) -> 0.52869105 | J32: =AVERAGE(J2:J30) -> 0.48626782 | K32: =AVERAGE(K2:K30) -> 0.45084369 | L32: =AVERAGE(L2:L30) -> 0.41829562
B33: RMSE | C33: =(sumsq(C2:C30)/count(C2:C30))^(0.5) -> 1.1269117 | D33: =(sumsq(D2:D30)/count(D2:D30))^(0.5) -> 1.196575 | E33: =(sumsq(E2:E30)/count(E2:E30))^(0.5) -> 0.52398759 | F33: =(sumsq(F2:F30)/count(F2:F30))^(0.5) -> 0.58635257 | H33: =(sumsq(H2:H30)/count(H2:H30))^(0.5) -> 0.69749144 | J33: =(sumsq(J2:J30)/count(J2:J30))^(0.5) -> 0.72068921 | K33: =(sumsq(K2:K30)/count(K2:K30))^(0.5) -> 0.69085093 | L33: =(sumsq(L2:L30)/count(L2:L30))^(0.5) -> 0.64865872
B34: MAX | C34: =MAX(C2:C30) -> 4.82413 | D34: =MAX(D2:D30) -> 3.3922768 | E34: =MAX(E2:E30) -> 1.4375885 | F34: =MAX(F2:F30) -> 1.9269455 | H34: =MAX(H2:H30) -> 1.83879 | J34: =MAX(J2:J30) -> 2.2830904 | K34: =MAX(K2:K30) -> 2.3713174 | L34: =MAX(L2:L30) -> 2.049404
B36: MAE | C36: =AVERAGE(C7:C30) -> 0.79211402 | D36: =AVERAGE(D7:D30) -> 1.0259066 | E36: =AVERAGE(E7:E30) -> 0.40922773 | F36: =AVERAGE(F7:F30) -> 0.45818633 | H36: =AVERAGE(H7:H30) -> 0.52869105 | J36: =AVERAGE(J7:J30) -> 0.48626782 | K36: =AVERAGE(K7:K30) -> 0.45084369 | L36: =AVERAGE(L7:L30) -> 0.41829562
B37: RMSE | C37: =(sumsq(C7:C30)/count(C7:C30))^(0.5) -> 1.2224658 | D37: =(sumsq(D7:D30)/count(D7:D30))^(0.5) -> 1.2931854 | E37: =(sumsq(E7:E30)/count(E7:E30))^(0.5) -> 0.5676368 | F37: =(sumsq(F7:F30)/count(F7:F30))^(0.5) -> 0.63744871 | H37: =(sumsq(H7:H30)/count(H7:H30))^(0.5) -> 0.69749144 | J37: =(sumsq(J7:J30)/count(J7:J30))^(0.5) -> 0.72068921 | K37: =(sumsq(K7:K30)/count(K7:K30))^(0.5) -> 0.69085093 | L37: =(sumsq(L7:L30)/count(L7:L30))^(0.5) -> 0.64865872
B38: MAX | C38: =MAX(C7:C30) -> 4.82413 | D38: =MAX(D7:D30) -> 3.3922768 | E38: =MAX(E7:E30) -> 1.4375885 | F38: =MAX(F7:F30) -> 1.9269455 | H38: =MAX(H7:H30) -> 1.83879 | J38: =MAX(J7:J30) -> 2.2830904 | K38: =MAX(K7:K30) -> 2.3713174 | L38: =MAX(L7:L30) -> 2.049404
B40: MAE | C40: =AVERAGE(C7:C17) -> 0.56395705 | D40: =AVERAGE(D7:D17) -> 0.59803096 | E40: =AVERAGE(E7:E17) -> 0.34260533 | F40: =AVERAGE(F7:F17) -> 0.35479196 | H40: =AVERAGE(H7:H17) -> 0.41589216 | J40: =AVERAGE(J7:J17) -> 0.32143102 | K40: =AVERAGE(K7:K17) -> 0.34021216 | L40: =AVERAGE(L7:L17) -> 0.33410971
B41: RMSE | C41: =(sumsq(C7:C17)/count(C7:C17))^(0.5) -> 0.6468735 | D41: =(sumsq(D7:D17)/count(D7:D17))^(0.5) -> 0.72248158 | E41: =(sumsq(E7:E17)/count(E7:E17))^(0.5) -> 0.45333999 | F41: =(sumsq(F7:F17)/count(F7:F17))^(0.5) -> 0.45212167 | H41: =(sumsq(H7:H17)/count(H7:H17))^(0.5) -> 0.50110498 | J41: =(sumsq(J7:J17)/count(J7:J17))^(0.5) -> 0.45478465 | K41: =(sumsq(K7:K17)/count(K7:K17))^(0.5) -> 0.46130924 | L41: =(sumsq(L7:L17)/count(L7:L17))^(0.5) -> 0.47952963
B42: MAX | C42: =MAX(C7:C17) -> 1.124247 | D42: =MAX(D7:D17) -> 1.687553 | E42: =MAX(E7:E17) -> 1.0633448 | F42: =MAX(F7:F17) -> 1.0313022 | H42: =MAX(H7:H17) -> 1.195778 | J42: =MAX(J7:J17) -> 1.124247 | K42: =MAX(K7:K17) -> 1.0240216 | L42: =MAX(L7:L17) -> 1.0791017
B44: MAE | C44: =AVERAGE(C18:C25) -> 1.2683436 | D44: =AVERAGE(D18:D25) -> 1.7659681 | E44: =AVERAGE(E18:E25) -> 0.62291025 | F44: =AVERAGE(F18:F25) -> 0.71827303 | H44: =AVERAGE(H18:H25) -> 0.78140035 | J44: =AVERAGE(J18:J25) -> 0.81961283 | K44: =AVERAGE(K18:K25) -> 0.72100557 | L44: =AVERAGE(L18:L25) -> 0.63969498
B45: RMSE | C45: =(sumsq(C18:C25)/count(C18:C25))^(0.5) -> 1.8969313 | D45: =(sumsq(D18:D25)/count(D18:D25))^(0.5) -> 1.9540702 | E45: =(sumsq(E18:E25)/count(E18:E25))^(0.5) -> 0.79105071 | F45: =(sumsq(F18:F25)/count(F18:F25))^(0.5) -> 0.92737711 | H45: =(sumsq(H18:H25)/count(H18:H25))^(0.5) -> 0.99323834 | J45: =(sumsq(J18:J25)/count(J18:J25))^(0.5) -> 1.0765385 | K45: =(sumsq(K18:K25)/count(K18:K25))^(0.5) -> 1.024833 | L45: =(sumsq(L18:L25)/count(L18:L25))^(0.5) -> 0.92727536
B46: MAX | C46: =MAX(C18:C25) -> 4.82413 | D46: =MAX(D18:D25) -> 3.3922768 | E46: =MAX(E18:E25) -> 1.4375885 | F46: =MAX(F18:F25) -> 1.9269455 | H46: =MAX(H18:H25) -> 1.83879 | J46: =MAX(J18:J25) -> 2.2830904 | K46: =MAX(K18:K25) -> 2.3713174 | L46: =MAX(L18:L25) -> 2.049404
B48: MAE | C48: =AVERAGE(C20:C30) -> 0.66122835 | D48: =AVERAGE(D20:D30) -> 1.1485615 | E48: =AVERAGE(E20:E30) -> 0.27938853 | F48: =AVERAGE(F20:F30) -> 0.3363624 | H48: =AVERAGE(H20:H30) -> 0.41669234 | J48: =AVERAGE(J20:J30) -> 0.38334544 | K48: =AVERAGE(K20:K30) -> 0.28893762 | L48: =AVERAGE(L20:L30) -> 0.253361
B49: RMSE | C49: =(sumsq(C20:C30)/count(C20:C30))^(0.5) -> 0.78496614 | D49: =(sumsq(D20:D30)/count(D20:D30))^(0.5) -> 1.2898165 | E49: =(sumsq(E20:E30)/count(E20:E30))^(0.5) -> 0.33007191 | F49: =(sumsq(F20:F30)/count(F20:F30))^(0.5) -> 0.39687906 | H49: =(sumsq(H20:H30)/count(H20:H30))^(0.5) -> 0.50513881 | J49: =(sumsq(J20:J30)/count(J20:J30))^(0.5) -> 0.4595409 | K49: =(sumsq(K20:K30)/count(K20:K30))^(0.5) -> 0.33857388 | L49: =(sumsq(L20:L30)/count(L20:L30))^(0.5) -> 0.33035213
B50: MAX | C50: =MAX(C20:C30) -> 1.477096 | D50: =MAX(D20:D30) -> 2.095491 | E50: =MAX(E20:E30) -> 0.69514975 | F50: =MAX(F20:F30) -> 0.74611828 | H50: =MAX(H20:H30) -> 1.085918 | J50: =MAX(J20:J30) -> 0.80601951 | K50: =MAX(K20:K30) -> 0.73551896 | L50: =MAX(L20:L30) -> 0.74413675

Sheet Ens_now작업
B1: GDP(SA) True | C1: DFM | D1: BEM1 | E1: BEM2 | F1: BEM3 | H1: LBVAR | I1: TFM | J1: T-M | K1: VAR | L1: SVR-KNN | M1: CRNN | O1: RF-DVS | P1: S-XGB | Q1: LQR | R1: OptimARIMA | AA1: TEXT | AB1: MIN_item | AC1: MIN
A2: 201603 | B2: 0.3
A3: 201606 | B3: 1.2
A4: 201609 | B4: 0.4
A5: 201612 | B5: 0.6
A6: 201703 | B6: 1 | C6: =average(err_GDP_now!C2:C5) -> 0.29367304 | D6: =average(err_GDP_now!D2:D5) -> 0.1864365 | E6: =average(err_GDP_now!E2:E5) -> 0.1911775 | F6: =average(err_GDP_now!F2:F5) -> 0.19473525 | H6: =average(err_GDP_now!H2:H5) -> 0.464135 | I6: =average(err_GDP_now!I2:I5) -> 0.3335034 | J6: =average(err_GDP_now!J2:J5) -> 0.31262993 | K6: =average(err_GDP_now!K2:K5) -> 0.390236 | L6: =average(err_GDP_now!L2:L5) -> 0.23435091 | M6: =average(err_GDP_now!M2:M5) -> 0.46458401 | O6: =average(err_GDP_now!O2:O5) -> 0.31551155 | P6: =average(err_GDP_now!P2:P5) -> 0.46337588 | Q6: =average(err_GDP_now!Q2:Q5) -> 0.25054075 | AA6: =average(err_GDP_now!AA2:AA5) -> 0.464135 | AB6: =index($C$1:$AA$1, match(min(C6:AA6),C6:AA6,0)) -> BEM1 | AC6: =min(C6:AA6) -> 0.1864365
A7: 201706 | B7: 0.8 | C7: =average(err_GDP_now!C3:C6) -> 0.26214348 | D7: =average(err_GDP_now!D3:D6) -> 0.19119975 | E7: =average(err_GDP_now!E3:E6) -> 0.16392425 | F7: =average(err_GDP_now!F3:F6) -> 0.1898295 | H7: =average(err_GDP_now!H3:H6) -> 0.440463 | I7: =average(err_GDP_now!I3:I6) -> 0.30614807 | J7: =average(err_GDP_now!J3:J6) -> 0.19465858 | K7: =average(err_GDP_now!K3:K6) -> 0.29403425 | L7: =average(err_GDP_now!L3:L6) -> 0.24802003 | M7: =average(err_GDP_now!M3:M6) -> 0.37226284 | O7: =average(err_GDP_now!O3:O6) -> 0.30185809 | P7: =average(err_GDP_now!P3:P6) -> 0.42223538 | Q7: =average(err_GDP_now!Q3:Q6) -> 0.2681715 | AA7: =average(err_GDP_now!AA3:AA6) -> 0.440463 | AB7: =index($C$1:$AA$1, match(min(C7:AA7),C7:AA7,0)) -> BEM2 | AC7: =min(C7:AA7) -> 0.16392425
A8: 201709 | B8: 1.4 | C8: =average(err_GDP_now!C4:C7) -> 0.26247344 | D8: =average(err_GDP_now!D4:D7) -> 0.19135075 | E8: =average(err_GDP_now!E4:E7) -> 0.15746475 | F8: =average(err_GDP_now!F4:F7) -> 0.16664875 | H8: =average(err_GDP_now!H4:H7) -> 0.2560005 | I8: =average(err_GDP_now!I4:I7) -> 0.30510694 | J8: =average(err_GDP_now!J4:J7) -> 0.19804005 | K8: =average(err_GDP_now!K4:K7) -> 0.28052375 | L8: =average(err_GDP_now!L4:L7) -> 0.26822937 | M8: =average(err_GDP_now!M4:M7) -> 0.21964673 | O8: =average(err_GDP_now!O4:O7) -> 0.19628718 | P8: =average(err_GDP_now!P4:P7) -> 0.3815835 | Q8: =average(err_GDP_now!Q4:Q7) -> 0.14552275 | AA8: =average(err_GDP_now!AA4:AA7) -> 0.2560005 | AB8: =index($C$1:$AA$1, match(min(C8:AA8),C8:AA8,0)) -> LQR | AC8: =min(C8:AA8) -> 0.14552275
A9: 201712 | B9: -0.3 | C9: =average(err_GDP_now!C5:C8) -> 0.39049568 | D9: =average(err_GDP_now!D5:D8) -> 0.408937 | E9: =average(err_GDP_now!E5:E8) -> 0.39755275 | F9: =average(err_GDP_now!F5:F8) -> 0.345645 | H9: =average(err_GDP_now!H5:H8) -> 0.22943375 | I9: =average(err_GDP_now!I5:I8) -> 0.33086442 | J9: =average(err_GDP_now!J5:J8) -> 0.25774396 | K9: =average(err_GDP_now!K5:K8) -> 0.252965 | L9: =average(err_GDP_now!L5:L8) -> 0.37439228 | M9: =average(err_GDP_now!M5:M8) -> 0.32645173 | O9: =average(err_GDP_now!O5:O8) -> 0.23019476 | P9: =average(err_GDP_now!P5:P8) -> 0.37954265 | Q9: =average(err_GDP_now!Q5:Q8) -> 0.26926575 | AA9: =average(err_GDP_now!AA5:AA8) -> 0.22943375 | AB9: =index($C$1:$AA$1, match(min(C9:AA9),C9:AA9,0)) -> LBVAR | AC9: =min(C9:AA9) -> 0.22943375
A10: 201803 | B10: 1.3 | C10: =average(err_GDP_now!C6:C9) -> 0.51026176 | D10: =average(err_GDP_now!D6:D9) -> 0.69827975 | E10: =average(err_GDP_now!E6:E9) -> 0.63048425 | F10: =average(err_GDP_now!F6:F9) -> 0.61657375 | H10: =average(err_GDP_now!H6:H9) -> 0.6452605 | I10: =average(err_GDP_now!I6:I9) -> 0.50703741 | J10: =average(err_GDP_now!J6:J9) -> 0.48805535 | K10: =average(err_GDP_now!K6:K9) -> 0.3900835 | L10: =average(err_GDP_now!L6:L9) -> 0.40630468 | M10: =average(err_GDP_now!M6:M9) -> 0.49115198 | O10: =average(err_GDP_now!O6:O9) -> 0.45734614 | P10: =average(err_GDP_now!P6:P9) -> 0.52937145 | Q10: =average(err_GDP_now!Q6:Q9) -> 0.39054375 | AA10: =average(err_GDP_now!AA6:AA9) -> 0.6452605 | AB10: =index($C$1:$AA$1, match(min(C10:AA10),C10:AA10,0)) -> VAR | AC10: =min(C10:AA10) -> 0.3900835
A11: 201806 | B11: 0.7 | C11: =average(err_GDP_now!C7:C10) -> 0.53898324 | D11: =average(err_GDP_now!D7:D10) -> 0.82362025 | E11: =average(err_GDP_now!E7:E10) -> 0.72899425 | F11: =average(err_GDP_now!F7:F10) -> 0.750541 | H11: =average(err_GDP_now!H7:H10) -> 0.693787 | I11: =average(err_GDP_now!I7:I10) -> 0.57089999 | J11: =average(err_GDP_now!J7:J10) -> 0.54971852 | K11: =average(err_GDP_now!K7:K10) -> 0.45247725 | L11: =average(err_GDP_now!L7:L10) -> 0.40158452 | M11: =average(err_GDP_now!M7:M10) -> 0.56167569 | O11: =average(err_GDP_now!O7:O10) -> 0.4590101 | P11: =average(err_GDP_now!P7:P10) -> 0.6495633 | Q11: =average(err_GDP_now!Q7:Q10) -> 0.51090925 | AA11: =average(err_GDP_now!AA7:AA10) -> 0.693787 | AB11: =index($C$1:$AA$1, match(min(C11:AA11),C11:AA11,0)) -> SVR-KNN | AC11: =min(C11:AA11) -> 0.40158452
A12: 201809 | B12: 0.6 | C12: =average(err_GDP_now!C8:C11) -> 0.53097239 | D12: =average(err_GDP_now!D8:D11) -> 0.74932475 | E12: =average(err_GDP_now!E8:E11) -> 0.68439725 | F12: =average(err_GDP_now!F8:F11) -> 0.6970345 | H12: =average(err_GDP_now!H8:H11) -> 0.76204175 | I12: =average(err_GDP_now!I8:I11) -> 0.5710857 | J12: =average(err_GDP_now!J8:J11) -> 0.551265 | K12: =average(err_GDP_now!K8:K11) -> 0.483524 | L12: =average(err_GDP_now!L8:L11) -> 0.37486074 | M12: =average(err_GDP_now!M8:M11) -> 0.57632478 | O12: =average(err_GDP_now!O8:O11) -> 0.50776629 | P12: =average(err_GDP_now!P8:P11) -> 0.70496462 | Q12: =average(err_GDP_now!Q8:Q11) -> 0.47758275 | AA12: =average(err_GDP_now!AA8:AA11) -> 0.76204175 | AB12: =index($C$1:$AA$1, match(min(C12:AA12),C12:AA12,0)) -> SVR-KNN | AC12: =min(C12:AA12) -> 0.37486074
A13: 201812 | B13: 0.6 | C13: =average(err_GDP_now!C9:C12) -> 0.45819807 | D13: =average(err_GDP_now!D9:D12) -> 0.490328 | E13: =average(err_GDP_now!E9:E12) -> 0.434419 | F13: =average(err_GDP_now!F9:F12) -> 0.45398875 | H13: =average(err_GDP_now!H9:H12) -> 0.7140075 | I13: =average(err_GDP_now!I9:I12) -> 0.52695451 | J13: =average(err_GDP_now!J9:J12) -> 0.52139027 | K13: =average(err_GDP_now!K9:K12) -> 0.399011 | L13: =average(err_GDP_now!L9:L12) -> 0.25625731 | M13: =average(err_GDP_now!M9:M12) -> 0.45842702 | O13: =average(err_GDP_now!O9:O12) -> 0.36269004 | P13: =average(err_GDP_now!P9:P12) -> 0.59631948 | Q13: =average(err_GDP_now!Q9:Q12) -> 0.32548 | AA13: =average(err_GDP_now!AA9:AA12) -> 0.7140075 | AB13: =index($C$1:$AA$1, match(min(C13:AA13),C13:AA13,0)) -> SVR-KNN | AC13: =min(C13:AA13) -> 0.25625731
A14: 201903 | B14: -0.1 | C14: =average(err_GDP_now!C10:C13) -> 0.28920097 | D14: =average(err_GDP_now!D10:D13) -> 0.30299825 | E14: =average(err_GDP_now!E10:E13) -> 0.34639875 | F14: =average(err_GDP_now!F10:F13) -> 0.243572 | H14: =average(err_GDP_now!H10:H13) -> 0.32951275 | I14: =average(err_GDP_now!I10:I13) -> 0.29616642 | J14: =average(err_GDP_now!J10:J13) -> 0.23816168 | K14: =average(err_GDP_now!K10:K13) -> 0.176258 | L14: =average(err_GDP_now!L10:L13) -> 0.089946413 | M14: =average(err_GDP_now!M10:M13) -> 0.33956792 | O14: =average(err_GDP_now!O10:O13) -> 0.23686983 | P14: =average(err_GDP_now!P10:P13) -> 0.35298987 | Q14: =average(err_GDP_now!Q10:Q13) -> 0.28232825 | AA14: =average(err_GDP_now!AA10:AA13) -> 0.32951275 | AB14: =index($C$1:$AA$1, match(min(C14:AA14),C14:AA14,0)) -> SVR-KNN | AC14: =min(C14:AA14) -> 0.089946413
A15: 201906 | B15: 1.1 | C15: =average(err_GDP_now!C11:C14) -> 0.29576359 | D15: =average(err_GDP_now!D11:D14) -> 0.15461375 | E15: =average(err_GDP_now!E11:E14) -> 0.2785345 | F15: =average(err_GDP_now!F11:F14) -> 0.16012 | H15: =average(err_GDP_now!H11:H14) -> 0.406979 | I15: =average(err_GDP_now!I11:I14) -> 0.36868686 | J15: =average(err_GDP_now!J11:J14) -> 0.34107172 | K15: =average(err_GDP_now!K11:K14) -> 0.20091075 | L15: =average(err_GDP_now!L11:L14) -> 0.071921441 | M15: =average(err_GDP_now!M11:M14) -> 0.41840125 | O15: =average(err_GDP_now!O11:O14) -> 0.36814813 | P15: =average(err_GDP_now!P11:P14) -> 0.40247354 | Q15: =average(err_GDP_now!Q11:Q14) -> 0.260403 | AA15: =average(err_GDP_now!AA11:AA14) -> 0.406979 | AB15: =index($C$1:$AA$1, match(min(C15:AA15),C15:AA15,0)) -> SVR-KNN | AC15: =min(C15:AA15) -> 0.071921441
A16: 201909 | B16: 0.4 | C16: =average(err_GDP_now!C12:C15) -> 0.23375672 | D16: =average(err_GDP_now!D12:D15) -> 0.21325675 | E16: =average(err_GDP_now!E12:E15) -> 0.307233 | F16: =average(err_GDP_now!F12:F15) -> 0.2339885 | H16: =average(err_GDP_now!H12:H15) -> 0.349763 | I16: =average(err_GDP_now!I12:I15) -> 0.35038058 | J16: =average(err_GDP_now!J12:J15) -> 0.32925865 | K16: =average(err_GDP_now!K12:K15) -> 0.22136275 | L16: =average(err_GDP_now!L12:L15) -> 0.097992144 | M16: =average(err_GDP_now!M12:M15) -> 0.54861428 | O16: =average(err_GDP_now!O12:O15) -> 0.37694175 | P16: =average(err_GDP_now!P12:P15) -> 0.30143311 | Q16: =average(err_GDP_now!Q12:Q15) -> 0.28913025 | AA16: =average(err_GDP_now!AA12:AA15) -> 0.349763 | AB16: =index($C$1:$AA$1, match(min(C16:AA16),C16:AA16,0)) -> SVR-KNN | AC16: =min(C16:AA16) -> 0.097992144
A17: 201912 | B17: 1.2 | C17: =average(err_GDP_now!C13:C16) -> 0.21595211 | D17: =average(err_GDP_now!D13:D16) -> 0.20663125 | E17: =average(err_GDP_now!E13:E16) -> 0.28826375 | F17: =average(err_GDP_now!F13:F16) -> 0.25471025 | H17: =average(err_GDP_now!H13:H16) -> 0.4402365 | I17: =average(err_GDP_now!I13:I16) -> 0.25009511 | J17: =average(err_GDP_now!J13:J16) -> 0.28389045 | K17: =average(err_GDP_now!K13:K16) -> 0.26598675 | L17: =average(err_GDP_now!L13:L16) -> 0.11446762 | M17: =average(err_GDP_now!M13:M16) -> 0.68283389 | O17: =average(err_GDP_now!O13:O16) -> 0.44824716 | P17: =average(err_GDP_now!P13:P16) -> 0.43379246 | Q17: =average(err_GDP_now!Q13:Q16) -> 0.37127475 | AA17: =average(err_GDP_now!AA13:AA16) -> 0.4402365 | AB17: =index($C$1:$AA$1, match(min(C17:AA17),C17:AA17,0)) -> SVR-KNN | AC17: =min(C17:AA17) -> 0.11446762
... A29: 202212 | B29: -0.3 | C29: =average(err_GDP_now!C25:C28) -> 0.47909281 | D29: =average(err_GDP_now!D25:D28) -> 0.16845875 | E29: =average(err_GDP_now!E25:E28) -> 0.17410025 | F29: =average(err_GDP_now!F25:F28) -> 0.21384625 | H29: =average(err_GDP_now!H25:H28) -> 0.39303975 | I29: =average(err_GDP_now!I25:I28) -> 0.2815844 | J29: =average(err_GDP_now!J25:J28) -> 0.28743673 | K29: =average(err_GDP_now!K25:K28) -> 0.56464575 | L29: =average(err_GDP_now!L25:L28) -> 0.20673119 | M29: =average(err_GDP_now!M25:M28) -> 0.41842141 | O29: =average(err_GDP_now!O25:O28) -> 0.3462914 | P29: =average(err_GDP_now!P25:P28) -> 0.31863479 | Q29: =average(err_GDP_now!Q25:Q28) -> 0.3622715 | AA29: =average(err_GDP_now!AA25:AA28) -> 0.39303975 | AB29: =index($C$1:$AA$1, match(min(C29:AA29),C29:AA29,0)) -> BEM1 | AC29: =min(C29:AA29) -> 0.16845875
A30: 202303 | B30: 0.3 | C30: =average(err_GDP_now!C26:C29) -> 0.42405532 | D30: =average(err_GDP_now!D26:D29) -> 0.263844 | E30: =average(err_GDP_now!E26:E29) -> 0.32046375 | F30: =average(err_GDP_now!F26:F29) -> 0.2294765 | H30: =average(err_GDP_now!H26:H29) -> 0.4237145 | I30: =average(err_GDP_now!I26:I29) -> 0.15103969 | J30: =average(err_GDP_now!J26:J29) -> 0.30736764 | K30: =average(err_GDP_now!K26:K29) -> 0.5253255 | L30: =average(err_GDP_now!L26:L29) -> 0.27249345 | M30: =average(err_GDP_now!M26:M29) -> 0.30817398 | O30: =average(err_GDP_now!O26:O29) -> 0.29656344 | P30: =average(err_GDP_now!P26:P29) -> 0.35264828 | Q30: =average(err_GDP_now!Q26:Q29) -> 0.38207275 | AA30: =average(err_GDP_now!AA26:AA29) -> 0.4237145
B32: MAE | C32: =AVERAGE(C2:C30) -> 0.58265505 | D32: =AVERAGE(D2:D30) -> 0.4418673 | E32: =AVERAGE(E2:E30) -> 0.42298773 | F32: =AVERAGE(F2:F30) -> 0.50476696 | H32: =AVERAGE(H2:H30) -> 0.86258969 | I32: =AVERAGE(I2:I30) -> 0.50405398 | J32: =AVERAGE(J2:J30) -> 0.5463631 | K32: =AVERAGE(K2:K30) -> 0.54702894 | L32: =AVERAGE(L2:L30) -> 0.36997989 | M32: =AVERAGE(M2:M30) -> 0.62372844 | O32: =AVERAGE(O2:O30) -> 0.5423839 | P32: =AVERAGE(P2:P30) -> 0.51518434 | Q32: =AVERAGE(Q2:Q30) -> 0.43255776 | AA32: =AVERAGE(AA2:AA30) -> 0.86258969 | AC32: =AVERAGE(AC2:AC30) -> 0.29000852
B33: RMSE | C33: =(sumsq(C2:C30)/count(C2:C30))^(0.5) -> 0.66659309 | D33: =(sumsq(D2:D30)/count(D2:D30))^(0.5) -> 0.51939698 | E33: =(sumsq(E2:E30)/count(E2:E30))^(0.5) -> 0.48681546 | F33: =(sumsq(F2:F30)/count(F2:F30))^(0.5) -> 0.63237823 | H33: =(sumsq(H2:H30)/count(H2:H30))^(0.5) -> 1.1362936 | I33: =(sumsq(I2:I30)/count(I2:I30))^(0.5) -> 0.55657597 | J33: =(sumsq(J2:J30)/count(J2:J30))^(0.5) -> 0.66785466 | K33: =(sumsq(K2:K30)/count(K2:K30))^(0.5) -> 0.63210214 | L33: =(sumsq(L2:L30)/count(L2:L30))^(0.5) -> 0.46396861 | M33: =(sumsq(M2:M30)/count(M2:M30))^(0.5) -> 0.71431885 | O33: =(sumsq(O2:O30)/count(O2:O30))^(0.5) -> 0.62850033 | P33: =(sumsq(P2:P30)/count(P2:P30))^(0.5) -> 0.54562515 | Q33: =(sumsq(Q2:Q30)/count(Q2:Q30))^(0.5) -> 0.48210442 | AA33: =(sumsq(AA2:AA30)/count(AA2:AA30))^(0.5) -> 1.1362936 | AC33: =(sumsq(AC2:AC30)/count(AC2:AC30))^(0.5) -> 0.35859703
B34: MAX | C34: =MAX(C2:C30) -> 1.2593144 | D34: =MAX(D2:D30) -> 1.0166243 | E34: =MAX(E2:E30) -> 0.92149 | F34: =MAX(F2:F30) -> 1.4480315 | H34: =MAX(H2:H30) -> 2.6363747 | I34: =MAX(I2:I30) -> 1.0167373 | J34: =MAX(J2:J30) -> 1.4754709 | K34: =MAX(K2:K30) -> 1.3534922 | L34: =MAX(L2:L30) -> 1.0484591 | M34: =MAX(M2:M30) -> 1.4743734 | O34: =MAX(O2:O30) -> 1.3076957 | P34: =MAX(P2:P30) -> 0.9225919 | Q34: =MAX(Q2:Q30) -> 0.996187 | AA34: =MAX(AA2:AA30) -> 2.6363747 | AC34: =MAX(AC2:AC30) -> 0.921199

Sheet Ens_now작업2
B1: GDP(SA) True | C1: DFM | D1: BEM1 | E1: BEM2 | F1: BEM3 | H1: LBVAR | I1: TFM | J1: T-M | K1: VAR | L1: SVR-KNN | M1: CRNN | O1: RF-DVS | P1: S-XGB | Q1: LQR | R1: OptimARIMA | AA1: TEXT | AB1: MIN_item | AC1: MIN
A2: 201603 | B2: 0.3
A3: 201606 | B3: 1.2
A4: 201609 | B4: 0.4
A5: 201612 | B5: 0.6
A6: 201703 | B6: 1 | AA6: =average(err_GDP_now!AA2:AA5) -> 0.464135 | AB6: =index($C$1:$AA$1, match(min(C6:AA6),C6:AA6,0)) -> TEXT | AC6: =min(C6:AA6) -> 0.464135
A7: 201706 | B7: 0.8 | C7: =if(rank('Ens_now작업'!C6,'Ens_now작업'!$C6:$Z6,1)<=5,pred_GDP_now!C7,"") | D7: =if(rank('Ens_now작업'!D6,'Ens_now작업'!$C6:$Z6,1)<=5,pred_GDP_now!D7,"") -> 1.108525 | E7: =if(rank('Ens_now작업'!E6,'Ens_now작업'!$C6:$Z6,1)<=5,pred_GDP_now!E7,"") -> 1.126052 | F7: =if(rank('Ens_now작업'!F6,'Ens_now작업'!$C6:$Z6,1)<=5,pred_GDP_now!F7,"") -> 1.015314 | H7: =if(rank('Ens_now작업'!H6,'Ens_now작업'!$C6:$Z6,1)<=5,pred_GDP_now!H7,"") | I7: =if(rank('Ens_now작업'!I6,'Ens_now작업'!$C6:$Z6,1)<=5,pred_GDP_now!I7,"") | J7: =if(rank('Ens_now작업'!J6,'Ens_now작업'!$C6:$Z6,1)<=5,pred_GDP_now!J7,"") | K7: =if(rank('Ens_now작업'!K6,'Ens_now작업'!$C6:$Z6,1)<=5,pred_GDP_now!K7,"") | L7: =if(rank('Ens_now작업'!L6,'Ens_now작업'!$C6:$Z6,1)<=5,pred_GDP_now!L7,"") -> 1.0296328 | M7: =if(rank('Ens_now작업'!M6,'Ens_now작업'!$C6:$Z6,1)<=5,pred_GDP_now!M7,"") | O7: =if(rank('Ens_now작업'!O6,'Ens_now작업'!$C6:$Z6,1)<=5,pred_GDP_now!O7,"") | P7: =if(rank('Ens_now작업'!P6,'Ens_now작업'!$C6:$Z6,1)<=5,pred_GDP_now!P7,"") | Q7: =if(rank('Ens_now작업'!Q6,'Ens_now작업'!$C6:$Z6,1)<=5,pred_GDP_now!Q7,"") -> 0.945407 | AA7: =average(err_GDP_now!AA3:AA6) -> 0.440463 | AB7: =index($C$1:$AA$1, match(min(C7:AA7),C7:AA7,0)) -> TEXT | AC7: =min(C7:AA7) -> 0.440463
A8: 201709 | B8: 1.4 | C8: =if(rank('Ens_now작업'!C7,'Ens_now작업'!$C7:$Z7,1)<=5,pred_GDP_now!C8,"") | D8: =if(rank('Ens_now작업'!D7,'Ens_now작업'!$C7:$Z7,1)<=5,pred_GDP_now!D8,"") -> 0.287701 | E8: =if(rank('Ens_now작업'!E7,'Ens_now작업'!$C7:$Z7,1)<=5,pred_GDP_now!E8,"") -> 0.275753 | F8: =if(rank('Ens_now작업'!F7,'Ens_now작업'!$C7:$Z7,1)<=5,pred_GDP_now!F8,"") -> 0.399241 | H8: =if(rank('Ens_now작업'!H7,'Ens_now작업'!$C7:$Z7,1)<=5,pred_GDP_now!H8,"") | I8: =if(rank('Ens_now작업'!I7,'Ens_now작업'!$C7:$Z7,1)<=5,pred_GDP_now!I8,"") | J8: =if(rank('Ens_now작업'!J7,'Ens_now작업'!$C7:$Z7,1)<=5,pred_GDP_now!J8,"") -> 0.8347323 | K8: =if(rank('Ens_now작업'!K7,'Ens_now작업'!$C7:$Z7,1)<=5,pred_GDP_now!K8,"") | L8: =if(rank('Ens_now작업'!L7,'Ens_now작업'!$C7:$Z7,1)<=5,pred_GDP_now!L8,"") -> 0.92132989 | M8: =if(rank('Ens_now작업'!M7,'Ens_now작업'!$C7:$Z7,1)<=5,pred_GDP_now!M8,"") | O8: =if(rank('Ens_now작업'!O7,'Ens_now작업'!$C7:$Z7,1)<=5,pred_GDP_now!O8,"") | P8: =if(rank('Ens_now작업'!P7,'Ens_now작업'!$C7:$Z7,1)<=5,pred_GDP_now!P8,"") | Q8: =if(rank('Ens_now작업'!Q7,'Ens_now작업'!$C7:$Z7,1)<=5,pred_GDP_now!Q8,"") | AA8: =average(err_GDP_now!AA4:AA7) -> 0.2560005 | AB8: =index($C$1:$AA$1, match(min(C8:AA8),C8:AA8,0)) -> TEXT | AC8: =min(C8:AA8) -> 0.2560005
A9: 201712 | B9: -0.3 | C9: =if(rank('Ens_now작업'!C8,'Ens_now작업'!$C8:$Z8,1)<=5,pred_GDP_now!C9,"") | D9: =if(rank('Ens_now작업'!D8,'Ens_now작업'!$C8:$Z8,1)<=5,pred_GDP_now!D9,"") -> 0.952379 | E9: =if(rank('Ens_now작업'!E8,'Ens_now작업'!$C8:$Z8,1)<=5,pred_GDP_now!E9,"") -> 0.673771 | F9: =if(rank('Ens_now작업'!F8,'Ens_now작업'!$C8:$Z8,1)<=5,pred_GDP_now!F9,"") -> 0.895778 | H9: =if(rank('Ens_now작업'!H8,'Ens_now작업'!$C8:$Z8,1)<=5,pred_GDP_now!H9,"") | I9: =if(rank('Ens_now작업'!I8,'Ens_now작업'!$C8:$Z8,1)<=5,pred_GDP_now!I9,"") | J9: =if(rank('Ens_now작업'!J8,'Ens_now작업'!$C8:$Z8,1)<=5,pred_GDP_now!J9,"") | K9: =if(rank('Ens_now작업'!K8,'Ens_now작업'!$C8:$Z8,1)<=5,pred_GDP_now!K9,"") | L9: =if(rank('Ens_now작업'!L8,'Ens_now작업'!$C8:$Z8,1)<=5,pred_GDP_now!L9,"") | M9: =if(rank('Ens_now작업'!M8,'Ens_now작업'!$C8:$Z8,1)<=5,pred_GDP_now!M9,"") | O9: =if(rank('Ens_now작업'!O8,'Ens_now작업'!$C8:$Z8,1)<=5,pred_GDP_now!O9,"") -> 0.74325214 | P9: =if(rank('Ens_now작업'!P8,'Ens_now작업'!$C8:$Z8,1)<=5,pred_GDP_now!P9,"") | Q9: =if(rank('Ens_now작업'!Q8,'Ens_now작업'!$C8:$Z8,1)<=5,pred_GDP_now!Q9,"") -> 0.354928 | AA9: =average(err_GDP_now!AA5:AA8) -> 0.22943375 | AB9: =index($C$1:$AA$1, match(min(C9:AA9),C9:AA9,0)) -> TEXT | AC9: =min(C9:AA9) -> 0.22943375
A10: 201803 | B10: 1.3 | C10: =if(rank('Ens_now작업'!C9,'Ens_now작업'!$C9:$Z9,1)<=5,pred_GDP_now!C10,"") | D10: =if(rank('Ens_now작업'!D9,'Ens_now작업'!$C9:$Z9,1)<=5,pred_GDP_now!D10,"") | E10: =if(rank('Ens_now작업'!E9,'Ens_now작업'!$C9:$Z9,1)<=5,pred_GDP_now!E10,"") | F10: =if(rank('Ens_now작업'!F9,'Ens_now작업'!$C9:$Z9,1)<=5,pred_GDP_now!F10,"") | H10: =if(rank('Ens_now작업'!H9,'Ens_now작업'!$C9:$Z9,1)<=5,pred_GDP_now!H10,"") -> 0.753485 | I10: =if(rank('Ens_now작업'!I9,'Ens_now작업'!$C9:$Z9,1)<=5,pred_GDP_now!I10,"") | J10: =if(rank('Ens_now작업'!J9,'Ens_now작업'!$C9:$Z9,1)<=5,pred_GDP_now!J10,"") -> 1.005438 | K10: =if(rank('Ens_now작업'!K9,'Ens_now작업'!$C9:$Z9,1)<=5,pred_GDP_now!K10,"") -> 0.937068 | L10: =if(rank('Ens_now작업'!L9,'Ens_now작업'!$C9:$Z9,1)<=5,pred_GDP_now!L10,"") | M10: =if(rank('Ens_now작업'!M9,'Ens_now작업'!$C9:$Z9,1)<=5,pred_GDP_now!M10,"") | O10: =if(rank('Ens_now작업'!O9,'Ens_now작업'!$C9:$Z9,1)<=5,pred_GDP_now!O10,"") -> 1.1117773 | P10: =if(rank('Ens_now작업'!P9,'Ens_now작업'!$C9:$Z9,1)<=5,pred_GDP_now!P10,"") | Q10: =if(rank('Ens_now작업'!Q9,'Ens_now작업'!$C9:$Z9,1)<=5,pred_GDP_now!Q10,"") -> 0.744322 | AA10: =average(err_GDP_now!AA6:AA9) -> 0.6452605 | AB10: =index($C$1:$AA$1, match(min(C10:AA10),C10:AA10,0)) -> TEXT | AC10: =min(C10:AA10) -> 0.6452605
A11: 201806 | B11: 0.7 | C11: =if(rank('Ens_now작업'!C10,'Ens_now작업'!$C10:$Z10,1)<=5,pred_GDP_now!C11,"") | D11: =if(rank('Ens_now작업'!D10,'Ens_now작업'!$C10:$Z10,1)<=5,pred_GDP_now!D11,"") | E11: =if(rank('Ens_now작업'!E10,'Ens_now작업'!$C10:$Z10,1)<=5,pred_GDP_now!E11,"") | F11: =if(rank('Ens_now작업'!F10,'Ens_now작업'!$C10:$Z10,1)<=5,pred_GDP_now!F11,"") | H11: =if(rank('Ens_now작업'!H10,'Ens_now작업'!$C10:$Z10,1)<=5,pred_GDP_now!H11,"") | I11: =if(rank('Ens_now작업'!I10,'Ens_now작업'!$C10:$Z10,1)<=5,pred_GDP_now!I11,"") | J11: =if(rank('Ens_now작업'!J10,'Ens_now작업'!$C10:$Z10,1)<=5,pred_GDP_now!J11,"") -> 0.54893017 | K11: =if(rank('Ens_now작업'!K10,'Ens_now작업'!$C10:$Z10,1)<=5,pred_GDP_now!K11,"") -> 0.837201 | L11: =if(rank('Ens_now작업'!L10,'Ens_now작업'!$C10:$Z10,1)<=5,pred_GDP_now!L11,"") -> 0.57726227 | M11: =if(rank('Ens_now작업'!M10,'Ens_now작업'!$C10:$Z10,1)<=5,pred_GDP_now!M11,"") | O11: =if(rank('Ens_now작업'!O10,'Ens_now작업'!$C10:$Z10,1)<=5,pred_GDP_now!O11,"") -> 0.4999584 | P11: =if(rank('Ens_now작업'!P10,'Ens_now작업'!$C10:$Z10,1)<=5,pred_GDP_now!P11,"") | Q11: =if(rank('Ens_now작업'!Q10,'Ens_now작업'!$C10:$Z10,1)<=5,pred_GDP_now!Q11,"") -> 0.687899 | AA11: =average(err_GDP_now!AA7:AA10) -> 0.693787 | AB11: =index($C$1:$AA$1, match(min(C11:AA11),C11:AA11,0)) -> RF-DVS | AC11: =min(C11:AA11) -> 0.4999584
A12: 201809 | B12: 0.6 | C12: =if(rank('Ens_now작업'!C11,'Ens_now작업'!$C11:$Z11,1)<=5,pred_GDP_now!C12,"") -> 0.97109739 | D12: =if(rank('Ens_now작업'!D11,'Ens_now작업'!$C11:$Z11,1)<=5,pred_GDP_now!D12,"") | E12: =if(rank('Ens_now작업'!E11,'Ens_now작업'!$C11:$Z11,1)<=5,pred_GDP_now!E12,"") | F12: =if(rank('Ens_now작업'!F11,'Ens_now작업'!$C11:$Z11,1)<=5,pred_GDP_now!F12,"") | H12: =if(rank('Ens_now작업'!H11,'Ens_now작업'!$C11:$Z11,1)<=5,pred_GDP_now!H12,"") | I12: =if(rank('Ens_now작업'!I11,'Ens_now작업'!$C11:$Z11,1)<=5,pred_GDP_now!I12,"") | J12: =if(rank('Ens_now작업'!J11,'Ens_now작업'!$C11:$Z11,1)<=5,pred_GDP_now!J12,"") | K12: =if(rank('Ens_now작업'!K11,'Ens_now작업'!$C11:$Z11,1)<=5,pred_GDP_now!K12,"") -> 0.701816 | L12: =if(rank('Ens_now작업'!L11,'Ens_now작업'!$C11:$Z11,1)<=5,pred_GDP_now!L12,"") -> 0.60425636 | M12: =if(rank('Ens_now작업'!M11,'Ens_now작업'!$C11:$Z11,1)<=5,pred_GDP_now!M12,"") | O12: =if(rank('Ens_now작업'!O11,'Ens_now작업'!$C11:$Z11,1)<=5,pred_GDP_now!O12,"") -> 0.5807563 | P12: =if(rank('Ens_now작업'!P11,'Ens_now작업'!$C11:$Z11,1)<=5,pred_GDP_now!P12,"") | Q12: =if(rank('Ens_now작업'!Q11,'Ens_now작업'!$C11:$Z11,1)<=5,pred_GDP_now!Q12,"") -> 0.679213 | AA12: =average(err_GDP_now!AA8:AA11) -> 0.76204175 | AB12: =index($C$1:$AA$1, match(min(C12:AA12),C12:AA12,0)) -> RF-DVS | AC12: =min(C12:AA12) -> 0.5807563
A13: 201812 | B13: 0.6 | C13: =if(rank('Ens_now작업'!C12,'Ens_now작업'!$C12:$Z12,1)<=5,pred_GDP_now!C13,"") -> 0.26589153 | D13: =if(rank('Ens_now작업'!D12,'Ens_now작업'!$C12:$Z12,1)<=5,pred_GDP_now!D13,"") | E13: =if(rank('Ens_now작업'!E12,'Ens_now작업'!$C12:$Z12,1)<=5,pred_GDP_now!E13,"") | F13: =if(rank('Ens_now작업'!F12,'Ens_now작업'!$C12:$Z12,1)<=5,pred_GDP_now!F13,"") | H13: =if(rank('Ens_now작업'!H12,'Ens_now작업'!$C12:$Z12,1)<=5,pred_GDP_now!H13,"") | I13: =if(rank('Ens_now작업'!I12,'Ens_now작업'!$C12:$Z12,1)<=5,pred_GDP_now!I13,"") | J13: =if(rank('Ens_now작업'!J12,'Ens_now작업'!$C12:$Z12,1)<=5,pred_GDP_now!J13,"") | K13: =if(rank('Ens_now작업'!K12,'Ens_now작업'!$C12:$Z12,1)<=5,pred_GDP_now!K13,"") -> 0.703083 | L13: =if(rank('Ens_now작업'!L12,'Ens_now작업'!$C12:$Z12,1)<=5,pred_GDP_now!L13,"") -> 0.45311828 | M13: =if(rank('Ens_now작업'!M12,'Ens_now작업'!$C12:$Z12,1)<=5,pred_GDP_now!M13,"") | O13: =if(rank('Ens_now작업'!O12,'Ens_now작업'!$C12:$Z12,1)<=5,pred_GDP_now!O13,"") -> 1.1399713 | P13: =if(rank('Ens_now작업'!P12,'Ens_now작업'!$C12:$Z12,1)<=5,pred_GDP_now!P13,"") | Q13: =if(rank('Ens_now작업'!Q12,'Ens_now작업'!$C12:$Z12,1)<=5,pred_GDP_now!Q13,"") -> 0.117679 | AA13: =average(err_GDP_now!AA9:AA12) -> 0.7140075 | AB13: =index($C$1:$AA$1, match(min(C13:AA13),C13:AA13,0)) -> LQR | AC13: =min(C13:AA13) -> 0.117679
A14: 201903 | B14: -0.1 | C14: =if(rank('Ens_now작업'!C13,'Ens_now작업'!$C13:$Z13,1)<=5,pred_GDP_now!C14,"") | D14: =if(rank('Ens_now작업'!D13,'Ens_now작업'!$C13:$Z13,1)<=5,pred_GDP_now!D14,"") | E14: =if(rank('Ens_now작업'!E13,'Ens_now작업'!$C13:$Z13,1)<=5,pred_GDP_now!E14,"") -> -0.32045 | F14: =if(rank('Ens_now작업'!F13,'Ens_now작업'!$C13:$Z13,1)<=5,pred_GDP_now!F14,"") | H14: =if(rank('Ens_now작업'!H13,'Ens_now작업'!$C13:$Z13,1)<=5,pred_GDP_now!H14,"") | I14: =if(rank('Ens_now작업'!I13,'Ens_now작업'!$C13:$Z13,1)<=5,pred_GDP_now!I14,"") | J14: =if(rank('Ens_now작업'!J13,'Ens_now작업'!$C13:$Z13,1)<=5,pred_GDP_now!J14,"") | K14: =if(rank('Ens_now작업'!K13,'Ens_now작업'!$C13:$Z13,1)<=5,pred_GDP_now!K14,"") -> 0.361543 | L14: =if(rank('Ens_now작업'!L13,'Ens_now작업'!$C13:$Z13,1)<=5,pred_GDP_now!L14,"") -> -0.086190051 | M14: =if(rank('Ens_now작업'!M13,'Ens_now작업'!$C13:$Z13,1)<=5,pred_GDP_now!M14,"") | O14: =if(rank('Ens_now작업'!O13,'Ens_now작업'!$C13:$Z13,1)<=5,pred_GDP_now!O14,"") -> 0.61333592 | P14: =if(rank('Ens_now작업'!P13,'Ens_now작업'!$C13:$Z13,1)<=5,pred_GDP_now!P14,"") | Q14: =if(rank('Ens_now작업'!Q13,'Ens_now작업'!$C13:$Z13,1)<=5,pred_GDP_now!Q14,"") -> -0.567977 | AA14: =average(err_GDP_now!AA10:AA13) -> 0.32951275 | AB14: =index($C$1:$AA$1, match(min(C14:AA14),C14:AA14,0)) -> LQR | AC14: =min(C14:AA14) -> -0.567977
A15: 201906 | B15: 1.1 | C15: =if(rank('Ens_now작업'!C14,'Ens_now작업'!$C14:$Z14,1)<=5,pred_GDP_now!C15,"") | D15: =if(rank('Ens_now작업'!D14,'Ens_now작업'!$C14:$Z14,1)<=5,pred_GDP_now!D15,"") | E15: =if(rank('Ens_now작업'!E14,'Ens_now작업'!$C14:$Z14,1)<=5,pred_GDP_now!E15,"") | F15: =if(rank('Ens_now작업'!F14,'Ens_now작업'!$C14:$Z14,1)<=5,pred_GDP_now!F15,"") -> 0.803238 | H15: =if(rank('Ens_now작업'!H14,'Ens_now작업'!$C14:$Z14,1)<=5,pred_GDP_now!H15,"") | I15: =if(rank('Ens_now작업'!I14,'Ens_now작업'!$C14:$Z14,1)<=5,pred_GDP_now!I15,"") | J15: =if(rank('Ens_now작업'!J14,'Ens_now작업'!$C14:$Z14,1)<=5,pred_GDP_now!J15,"") -> 0.99618245 | K15: =if(rank('Ens_now작업'!K14,'Ens_now작업'!$C14:$Z14,1)<=5,pred_GDP_now!K15,"") -> 0.880991 | L15: =if(rank('Ens_now작업'!L14,'Ens_now작업'!$C14:$Z14,1)<=5,pred_GDP_now!L15,"") -> 0.87297946 | M15: =if(rank('Ens_now작업'!M14,'Ens_now작업'!$C14:$Z14,1)<=5,pred_GDP_now!M15,"") | O15: =if(rank('Ens_now작업'!O14,'Ens_now작업'!$C14:$Z14,1)<=5,pred_GDP_now!O15,"") -> 0.86478391 | P15: =if(rank('Ens_now작업'!P14,'Ens_now작업'!$C14:$Z14,1)<=5,pred_GDP_now!P15,"") | Q15: =if(rank('Ens_now작업'!Q14,'Ens_now작업'!$C14:$Z14,1)<=5,pred_GDP_now!Q15,"") | AA15: =average(err_GDP_now!AA11:AA14) -> 0.406979 | AB15: =index($C$1:$AA$1, match(min(C15:AA15),C15:AA15,0)) -> TEXT | AC15: =min(C15:AA15) -> 0.406979
A16: 201909 | B16: 0.4 | C16: =if(rank('Ens_now작업'!C15,'Ens_now작업'!$C15:$Z15,1)<=5,pred_GDP_now!C16,"") | D16: =if(rank('Ens_now작업'!D15,'Ens_now작업'!$C15:$Z15,1)<=5,pred_GDP_now!D16,"") -> 0.44981 | E16: =if(rank('Ens_now작업'!E15,'Ens_now작업'!$C15:$Z15,1)<=5,pred_GDP_now!E16,"") | F16: =if(rank('Ens_now작업'!F15,'Ens_now작업'!$C15:$Z15,1)<=5,pred_GDP_now!F16,"") -> 0.511463 | H16: =if(rank('Ens_now작업'!H15,'Ens_now작업'!$C15:$Z15,1)<=5,pred_GDP_now!H16,"") | I16: =if(rank('Ens_now작업'!I15,'Ens_now작업'!$C15:$Z15,1)<=5,pred_GDP_now!I16,"") | J16: =if(rank('Ens_now작업'!J15,'Ens_now작업'!$C15:$Z15,1)<=5,pred_GDP_now!J16,"") | K16: =if(rank('Ens_now작업'!K15,'Ens_now작업'!$C15:$Z15,1)<=5,pred_GDP_now!K16,"") -> 0.680312 | L16: =if(rank('Ens_now작업'!L15,'Ens_now작업'!$C15:$Z15,1)<=5,pred_GDP_now!L16,"") -> 0.47015826 | M16: =if(rank('Ens_now작업'!M15,'Ens_now작업'!$C15:$Z15,1)<=5,pred_GDP_now!M16,"") | O16: =if(rank('Ens_now작업'!O15,'Ens_now작업'!$C15:$Z15,1)<=5,pred_GDP_now!O16,"") | P16: =if(rank('Ens_now작업'!P15,'Ens_now작업'!$C15:$Z15,1)<=5,pred_GDP_now!P16,"") | Q16: =if(rank('Ens_now작업'!Q15,'Ens_now작업'!$C15:$Z15,1)<=5,pred_GDP_now!Q16,"") -> 0.807791 | AA16: =average(err_GDP_now!AA12:AA15) -> 0.349763 | AB16: =index($C$1:$AA$1, match(min(C16:AA16),C16:AA16,0)) -> TEXT | AC16: =min(C16:AA16) -> 0.349763
A17: 201912 | B17: 1.2 | C17: =if(rank('Ens_now작업'!C16,'Ens_now작업'!$C16:$Z16,1)<=5,pred_GDP_now!C17,"") -> 0.57590453 | D17: =if(rank('Ens_now작업'!D16,'Ens_now작업'!$C16:$Z16,1)<=5,pred_GDP_now!D17,"") -> 0.620985 | E17: =if(rank('Ens_now작업'!E16,'Ens_now작업'!$C16:$Z16,1)<=5,pred_GDP_now!E17,"") | F17: =if(rank('Ens_now작업'!F16,'Ens_now작업'!$C16:$Z16,1)<=5,pred_GDP_now!F17,"") -> 0.623506 | H17: =if(rank('Ens_now작업'!H16,'Ens_now작업'!$C16:$Z16,1)<=5,pred_GDP_now!H17,"") | I17: =if(rank('Ens_now작업'!I16,'Ens_now작업'!$C16:$Z16,1)<=5,pred_GDP_now!I17,"") | J17: =if(rank('Ens_now작업'!J16,'Ens_now작업'!$C16:$Z16,1)<=5,pred_GDP_now!J17,"") | K17: =if(rank('Ens_now작업'!K16,'Ens_now작업'!$C16:$Z16,1)<=5,pred_GDP_now!K17,"") -> 0.852092 | L17: =if(rank('Ens_now작업'!L16,'Ens_now작업'!$C16:$Z16,1)<=5,pred_GDP_now!L17,"") -> 0.8978016 | M17: =if(rank('Ens_now작업'!M16,'Ens_now작업'!$C16:$Z16,1)<=5,pred_GDP_now!M17,"") | O17: =if(rank('Ens_now작업'!O16,'Ens_now작업'!$C16:$Z16,1)<=5,pred_GDP_now!O17,"") | P17: =if(rank('Ens_now작업'!P16,'Ens_now작업'!$C16:$Z16,1)<=5,pred_GDP_now!P17,"") | Q17: =if(rank('Ens_now작업'!Q16,'Ens_now작업'!$C16:$Z16,1)<=5,pred_GDP_now!Q17,"") | AA17: =average(err_GDP_now!AA13:AA16) -> 0.4402365 | AB17: =index($C$1:$AA$1, match(min(C17:AA17),C17:AA17,0)) -> TEXT | AC17: =min(C17:AA17) -> 0.4402365
A18: 202003 | B18: -1.3 | C18: =if(rank('Ens_now작업'!C17,'Ens_now작업'!$C17:$Z17,1)<=5,pred_GDP_now!C18,"") -> -0.039388748 | D18: =if(rank('Ens_now작업'!D17,'Ens_now작업'!$C17:$Z17,1)<=5,pred_GDP_now!D18,"") -> -0.00475 | E18: =if(rank('Ens_now작업'!E17,'Ens_now작업'!$C17:$Z17,1)<=5,pred_GDP_now!E18,"") | F18: =if(rank('Ens_now작업'!F17,'Ens_now작업'!$C17:$Z17,1)<=5,pred_GDP_now!F18,"") -> 0.180169 | H18: =if(rank('Ens_now작업'!H17,'Ens_now작업'!$C17:$Z17,1)<=5,pred_GDP_now!H18,"") | I18: =if(rank('Ens_now작업'!I17,'Ens_now작업'!$C17:$Z17,1)<=5,pred_GDP_now!I18,"") -> -0.03601615 | J18: =if(rank('Ens_now작업'!J17,'Ens_now작업'!$C17:$Z17,1)<=5,pred_GDP_now!J18,"") | K18: =if(rank('Ens_now작업'!K17,'Ens_now작업'!$C17:$Z17,1)<=5,pred_GDP_now!K18,"") | L18: =if(rank('Ens_now작업'!L17,'Ens_now작업'!$C17:$Z17,1)<=5,pred_GDP_now!L18,"") -> 0.23187381 | M18: =if(rank('Ens_now작업'!M17,'Ens_now작업'!$C17:$Z17,1)<=5,pred_GDP_now!M18,"") | O18: =if(rank('Ens_now작업'!O17,'Ens_now작업'!$C17:$Z17,1)<=5,pred_GDP_now!O18,"") | P18: =if(rank('Ens_now작업'!P17,'Ens_now작업'!$C17:$Z17,1)<=5,pred_GDP_now!P18,"") | Q18: =if(rank('Ens_now작업'!Q17,'Ens_now작업'!$C17:$Z17,1)<=5,pred_GDP_now!Q18,"") | AA18: =average(err_GDP_now!AA14:AA17) -> 0.63064575 | AB18: =index($C$1:$AA$1, match(min(C18:AA18),C18:AA18,0)) -> DFM | AC18: =min(C18:AA18) -> -0.039388748
... A29: 202212 | B29: -0.3 | C29: =if(rank('Ens_now작업'!C28,'Ens_now작업'!$C28:$Z28,1)<=5,pred_GDP_now!C29,"") | D29: =if(rank('Ens_now작업'!D28,'Ens_now작업'!$C28:$Z28,1)<=5,pred_GDP_now!D29,"") -> -0.78486 | E29: =if(rank('Ens_now작업'!E28,'Ens_now작업'!$C28:$Z28,1)<=5,pred_GDP_now!E29,"") -> -0.93253 | F29: =if(rank('Ens_now작업'!F28,'Ens_now작업'!$C28:$Z28,1)<=5,pred_GDP_now!F29,"") -> -0.55036 | H29: =if(rank('Ens_now작업'!H28,'Ens_now작업'!$C28:$Z28,1)<=5,pred_GDP_now!H29,"") -> -0.03764 | I29: =if(rank('Ens_now작업'!I28,'Ens_now작업'!$C28:$Z28,1)<=5,pred_GDP_now!I29,"") | J29: =if(rank('Ens_now작업'!J28,'Ens_now작업'!$C28:$Z28,1)<=5,pred_GDP_now!J29,"") | K29: =if(rank('Ens_now작업'!K28,'Ens_now작업'!$C28:$Z28,1)<=5,pred_GDP_now!K29,"") | L29: =if(rank('Ens_now작업'!L28,'Ens_now작업'!$C28:$Z28,1)<=5,pred_GDP_now!L29,"") -> 0.045649434 | M29: =if(rank('Ens_now작업'!M28,'Ens_now작업'!$C28:$Z28,1)<=5,pred_GDP_now!M29,"") | O29: =if(rank('Ens_now작업'!O28,'Ens_now작업'!$C28:$Z28,1)<=5,pred_GDP_now!O29,"") | P29: =if(rank('Ens_now작업'!P28,'Ens_now작업'!$C28:$Z28,1)<=5,pred_GDP_now!P29,"") | Q29: =if(rank('Ens_now작업'!Q28,'Ens_now작업'!$C28:$Z28,1)<=5,pred_GDP_now!Q29,"") | AA29: =average(err_GDP_now!AA25:AA28) -> 0.39303975 | AB29: =index($C$1:$AA$1, match(min(C29:AA29),C29:AA29,0)) -> BEM2 | AC29: =min(C29:AA29) -> -0.93253
A30: 202303 | B30: 0.3 | C30: =if(rank('Ens_now작업'!C29,'Ens_now작업'!$C29:$Z29,1)<=5,pred_GDP_now!C30,"") | D30: =if(rank('Ens_now작업'!D29,'Ens_now작업'!$C29:$Z29,1)<=5,pred_GDP_now!D30,"") -> 0.32618 | E30: =if(rank('Ens_now작업'!E29,'Ens_now작업'!$C29:$Z29,1)<=5,pred_GDP_now!E30,"") -> 0.190789 | F30: =if(rank('Ens_now작업'!F29,'Ens_now작업'!$C29:$Z29,1)<=5,pred_GDP_now!F30,"") -> 0.426876 | H30: =if(rank('Ens_now작업'!H29,'Ens_now작업'!$C29:$Z29,1)<=5,pred_GDP_now!H30,"") | I30: =if(rank('Ens_now작업'!I29,'Ens_now작업'!$C29:$Z29,1)<=5,pred_GDP_now!I30,"") | J30: =if(rank('Ens_now작업'!J29,'Ens_now작업'!$C29:$Z29,1)<=5,pred_GDP_now!J30,"") | K30: =if(rank('Ens_now작업'!K29,'Ens_now작업'!$C29:$Z29,1)<=5,pred_GDP_now!K30,"") | L30: =if(rank('Ens_now작업'!L29,'Ens_now작업'!$C29:$Z29,1)<=5,pred_GDP_now!L30,"") -> 0.45476664 | M30: =if(rank('Ens_now작업'!M29,'Ens_now작업'!$C29:$Z29,1)<=5,pred_GDP_now!M30,"") | O30: =if(rank('Ens_now작업'!O29,'Ens_now작업'!$C29:$Z29,1)<=5,pred_GDP_now!O30,"") | P30: =if(rank('Ens_now작업'!P29,'Ens_now작업'!$C29:$Z29,1)<=5,pred_GDP_now!P30,"") | Q30: =if(rank('Ens_now작업'!Q29,'Ens_now작업'!$C29:$Z29,1)<=5,pred_GDP_now!Q30,"") | AA30: =average(err_GDP_now!AA26:AA29) -> 0.4237145
B32: MAE | C32: =AVERAGE(C2:C30) -> 0.4718315 | D32: =AVERAGE(D2:D30) -> 0.58681076 | E32: =AVERAGE(E2:E30) -> 0.67648507 | F32: =AVERAGE(F2:F30) -> 0.49768808 | H32: =AVERAGE(H2:H30) -> 0.3579225 | I32: =AVERAGE(I2:I30) -> 1.0345704 | J32: =AVERAGE(J2:J30) -> 0.72658474 | K32: =AVERAGE(K2:K30) -> 0.74426325 | L32: =AVERAGE(L2:L30) -> 0.66105888 | M32: =AVERAGE(M2:M30) -> #DIV/0! | O32: =AVERAGE(O2:O30) -> 0.79340503 | P32: =AVERAGE(P2:P30) -> 1.167296 | Q32: =AVERAGE(Q2:Q30) -> 0.70936287 | AA32: =AVERAGE(AA2:AA30) -> 0.86258969 | AC32: =AVERAGE(AC2:AC30) -> 0.36022847
B33: RMSE | C33: =(sumsq(C2:C30)/count(C2:C30))^(0.5) -> 0.83783962 | D33: =(sumsq(D2:D30)/count(D2:D30))^(0.5) -> 0.96440625 | E33: =(sumsq(E2:E30)/count(E2:E30))^(0.5) -> 1.0264969 | F33: =(sumsq(F2:F30)/count(F2:F30))^(0.5) -> 0.63852956 | H33: =(sumsq(H2:H30)/count(H2:H30))^(0.5) -> 0.53345872 | I33: =(sumsq(I2:I30)/count(I2:I30))^(0.5) -> 1.5440928 | J33: =(sumsq(J2:J30)/count(J2:J30))^(0.5) -> 0.77300583 | K33: =(sumsq(K2:K30)/count(K2:K30))^(0.5) -> 0.76334928 | L33: =(sumsq(L2:L30)/count(L2:L30))^(0.5) -> 0.87799113 | M33: =(sumsq(M2:M30)/count(M2:M30))^(0.5) -> #DIV/0! | O33: =(sumsq(O2:O30)/count(O2:O30))^(0.5) -> 0.82801617 | P33: =(sumsq(P2:P30)/count(P2:P30))^(0.5) -> 1.1843839 | Q33: =(sumsq(Q2:Q30)/count(Q2:Q30))^(0.5) -> 0.92194928 | AA33: =(sumsq(AA2:AA30)/count(AA2:AA30))^(0.5) -> 1.1362936 | AC33: =(sumsq(AC2:AC30)/count(AC2:AC30))^(0.5) -> 0.709905
B34: MAX | C34: =MAX(C2:C30) -> 1.6024667 | D34: =MAX(D2:D30) -> 1.853738 | E34: =MAX(E2:E30) -> 2.347293 | F34: =MAX(F2:F30) -> 1.015314 | H34: =MAX(H2:H30) -> 0.753485 | I34: =MAX(I2:I30) -> 2.4220965 | J34: =MAX(J2:J30) -> 1.005438 | K34: =MAX(K2:K30) -> 0.937068 | L34: =MAX(L2:L30) -> 2.2233262 | M34: =MAX(M2:M30) -> 0 | O34: =MAX(O2:O30) -> 1.1399713 | P34: =MAX(P2:P30) -> 1.4101611 | Q34: =MAX(Q2:Q30) -> 1.946373 | AA34: =MAX(AA2:AA30) -> 2.6363747 | AC34: =MAX(AC2:AC30) -> 1.6024667

Sheet Ens_now작업3
B1: GDP(SA) True | C1: DFM | D1: BEM1 | E1: BEM2 | F1: BEM3 | H1: LBVAR | I1: TFM | J1: T-M | K1: VAR | L1: SVR-KNN | M1: CRNN | O1: RF-DVS | P1: S-XGB | Q1: LQR | R1: OptimARIMA | AA1: TEXT | AB1: MIN_item | AC1: MIN
A2: 201603 | B2: 0.3
A3: 201606 | B3: 1.2
A4: 201609 | B4: 0.4
A5: 201612 | B5: 0.6
A6: 201703 | B6: 1 | AA6: =average(err_GDP_now!AA2:AA5) -> 0.464135 | AB6: =index($C$1:$AA$1, match(min(C6:AA6),C6:AA6,0)) -> TEXT | AC6: =min(C6:AA6) -> 0.464135
A7: 201706 | B7: 0.8 | C7: =if(rank('Ens_now작업'!C6,'Ens_now작업'!$C6:$Z6,1)<=3,pred_GDP_now!C7,"") | D7: =if(rank('Ens_now작업'!D6,'Ens_now작업'!$C6:$Z6,1)<=3,pred_GDP_now!D7,"") -> 1.108525 | E7: =if(rank('Ens_now작업'!E6,'Ens_now작업'!$C6:$Z6,1)<=3,pred_GDP_now!E7,"") -> 1.126052 | F7: =if(rank('Ens_now작업'!F6,'Ens_now작업'!$C6:$Z6,1)<=3,pred_GDP_now!F7,"") -> 1.015314 | H7: =if(rank('Ens_now작업'!H6,'Ens_now작업'!$C6:$Z6,1)<=3,pred_GDP_now!H7,"") | I7: =if(rank('Ens_now작업'!I6,'Ens_now작업'!$C6:$Z6,1)<=3,pred_GDP_now!I7,"") | J7: =if(rank('Ens_now작업'!J6,'Ens_now작업'!$C6:$Z6,1)<=3,pred_GDP_now!J7,"") | K7: =if(rank('Ens_now작업'!K6,'Ens_now작업'!$C6:$Z6,1)<=3,pred_GDP_now!K7,"") | L7: =if(rank('Ens_now작업'!L6,'Ens_now작업'!$C6:$Z6,1)<=3,pred_GDP_now!L7,"") | M7: =if(rank('Ens_now작업'!M6,'Ens_now작업'!$C6:$Z6,1)<=3,pred_GDP_now!M7,"") | O7: =if(rank('Ens_now작업'!O6,'Ens_now작업'!$C6:$Z6,1)<=3,pred_GDP_now!O7,"") | P7: =if(rank('Ens_now작업'!P6,'Ens_now작업'!$C6:$Z6,1)<=3,pred_GDP_now!P7,"") | Q7: =if(rank('Ens_now작업'!Q6,'Ens_now작업'!$C6:$Z6,1)<=3,pred_GDP_now!Q7,"") | AA7: =average(err_GDP_now!AA3:AA6) -> 0.440463 | AB7: =index($C$1:$AA$1, match(min(C7:AA7),C7:AA7,0)) -> TEXT | AC7: =min(C7:AA7) -> 0.440463
A8: 201709 | B8: 1.4 | C8: =if(rank('Ens_now작업'!C7,'Ens_now작업'!$C7:$Z7,1)<=3,pred_GDP_now!C8,"") | D8: =if(rank('Ens_now작업'!D7,'Ens_now작업'!$C7:$Z7,1)<=3,pred_GDP_now!D8,"") -> 0.287701 | E8: =if(rank('Ens_now작업'!E7,'Ens_now작업'!$C7:$Z7,1)<=3,pred_GDP_now!E8,"") -> 0.275753 | F8: =if(rank('Ens_now작업'!F7,'Ens_now작업'!$C7:$Z7,1)<=3,pred_GDP_now!F8,"") -> 0.399241 | H8: =if(rank('Ens_now작업'!H7,'Ens_now작업'!$C7:$Z7,1)<=3,pred_GDP_now!H8,"") | I8: =if(rank('Ens_now작업'!I7,'Ens_now작업'!$C7:$Z7,1)<=3,pred_GDP_now!I8,"") | J8: =if(rank('Ens_now작업'!J7,'Ens_now작업'!$C7:$Z7,1)<=3,pred_GDP_now!J8,"") | K8: =if(rank('Ens_now작업'!K7,'Ens_now작업'!$C7:$Z7,1)<=3,pred_GDP_now!K8,"") | L8: =if(rank('Ens_now작업'!L7,'Ens_now작업'!$C7:$Z7,1)<=3,pred_GDP_now!L8,"") | M8: =if(rank('Ens_now작업'!M7,'Ens_now작업'!$C7:$Z7,1)<=3,pred_GDP_now!M8,"") | O8: =if(rank('Ens_now작업'!O7,'Ens_now작업'!$C7:$Z7,1)<=3,pred_GDP_now!O8,"") | P8: =if(rank('Ens_now작업'!P7,'Ens_now작업'!$C7:$Z7,1)<=3,pred_GDP_now!P8,"") | Q8: =if(rank('Ens_now작업'!Q7,'Ens_now작업'!$C7:$Z7,1)<=3,pred_GDP_now!Q8,"") | AA8: =average(err_GDP_now!AA4:AA7) -> 0.2560005 | AB8: =index($C$1:$AA$1, match(min(C8:AA8),C8:AA8,0)) -> TEXT | AC8: =min(C8:AA8) -> 0.2560005
A9: 201712 | B9: -0.3 | C9: =if(rank('Ens_now작업'!C8,'Ens_now작업'!$C8:$Z8,1)<=3,pred_GDP_now!C9,"") | D9: =if(rank('Ens_now작업'!D8,'Ens_now작업'!$C8:$Z8,1)<=3,pred_GDP_now!D9,"") | E9: =if(rank('Ens_now작업'!E8,'Ens_now작업'!$C8:$Z8,1)<=3,pred_GDP_now!E9,"") -> 0.673771 | F9: =if(rank('Ens_now작업'!F8,'Ens_now작업'!$C8:$Z8,1)<=3,pred_GDP_now!F9,"") -> 0.895778 | H9: =if(rank('Ens_now작업'!H8,'Ens_now작업'!$C8:$Z8,1)<=3,pred_GDP_now!H9,"") | I9: =if(rank('Ens_now작업'!I8,'Ens_now작업'!$C8:$Z8,1)<=3,pred_GDP_now!I9,"") | J9: =if(rank('Ens_now작업'!J8,'Ens_now작업'!$C8:$Z8,1)<=3,pred_GDP_now!J9,"") | K9: =if(rank('Ens_now작업'!K8,'Ens_now작업'!$C8:$Z8,1)<=3,pred_GDP_now!K9,"") | L9: =if(rank('Ens_now작업'!L8,'Ens_now작업'!$C8:$Z8,1)<=3,pred_GDP_now!L9,"") | M9: =if(rank('Ens_now작업'!M8,'Ens_now작업'!$C8:$Z8,1)<=3,pred_GDP_now!M9,"") | O9: =if(rank('Ens_now작업'!O8,'Ens_now작업'!$C8:$Z8,1)<=3,pred_GDP_now!O9,"") | P9: =if(rank('Ens_now작업'!P8,'Ens_now작업'!$C8:$Z8,1)<=3,pred_GDP_now!P9,"") | Q9: =if(rank('Ens_now작업'!Q8,'Ens_now작업'!$C8:$Z8,1)<=3,pred_GDP_now!Q9,"") -> 0.354928 | AA9: =average(err_GDP_now!AA5:AA8) -> 0.22943375 | AB9: =index($C$1:$AA$1, match(min(C9:AA9),C9:AA9,0)) -> TEXT | AC9: =min(C9:AA9) -> 0.22943375
A10: 201803 | B10: 1.3 | C10: =if(rank('Ens_now작업'!C9,'Ens_now작업'!$C9:$Z9,1)<=3,pred_GDP_now!C10,"") | D10: =if(rank('Ens_now작업'!D9,'Ens_now작업'!$C9:$Z9,1)<=3,pred_GDP_now!D10,"") | E10: =if(rank('Ens_now작업'!E9,'Ens_now작업'!$C9:$Z9,1)<=3,pred_GDP_now!E10,"") | F10: =if(rank('Ens_now작업'!F9,'Ens_now작업'!$C9:$Z9,1)<=3,pred_GDP_now!F10,"") | H10: =if(rank('Ens_now작업'!H9,'Ens_now작업'!$C9:$Z9,1)<=3,pred_GDP_now!H10,"") -> 0.753485 | I10: =if(rank('Ens_now작업'!I9,'Ens_now작업'!$C9:$Z9,1)<=3,pred_GDP_now!I10,"") | J10: =if(rank('Ens_now작업'!J9,'Ens_now작업'!$C9:$Z9,1)<=3,pred_GDP_now!J10,"") | K10: =if(rank('Ens_now작업'!K9,'Ens_now작업'!$C9:$Z9,1)<=3,pred_GDP_now!K10,"") -> 0.937068 | L10: =if(rank('Ens_now작업'!L9,'Ens_now작업'!$C9:$Z9,1)<=3,pred_GDP_now!L10,"") | M10: =if(rank('Ens_now작업'!M9,'Ens_now작업'!$C9:$Z9,1)<=3,pred_GDP_now!M10,"") | O10: =if(rank('Ens_now작업'!O9,'Ens_now작업'!$C9:$Z9,1)<=3,pred_GDP_now!O10,"") -> 1.1117773 | P10: =if(rank('Ens_now작업'!P9,'Ens_now작업'!$C9:$Z9,1)<=3,pred_GDP_now!P10,"") | Q10: =if(rank('Ens_now작업'!Q9,'Ens_now작업'!$C9:$Z9,1)<=3,pred_GDP_now!Q10,"") | AA10: =average(err_GDP_now!AA6:AA9) -> 0.6452605 | AB10: =index($C$1:$AA$1, match(min(C10:AA10),C10:AA10,0)) -> TEXT | AC10: =min(C10:AA10) -> 0.6452605
A11: 201806 | B11: 0.7 | C11: =if(rank('Ens_now작업'!C10,'Ens_now작업'!$C10:$Z10,1)<=3,pred_GDP_now!C11,"") | D11: =if(rank('Ens_now작업'!D10,'Ens_now작업'!$C10:$Z10,1)<=3,pred_GDP_now!D11,"") | E11: =if(rank('Ens_now작업'!E10,'Ens_now작업'!$C10:$Z10,1)<=3,pred_GDP_now!E11,"") | F11: =if(rank('Ens_now작업'!F10,'Ens_now작업'!$C10:$Z10,1)<=3,pred_GDP_now!F11,"") | H11: =if(rank('Ens_now작업'!H10,'Ens_now작업'!$C10:$Z10,1)<=3,pred_GDP_now!H11,"") | I11: =if(rank('Ens_now작업'!I10,'Ens_now작업'!$C10:$Z10,1)<=3,pred_GDP_now!I11,"") | J11: =if(rank('Ens_now작업'!J10,'Ens_now작업'!$C10:$Z10,1)<=3,pred_GDP_now!J11,"") | K11: =if(rank('Ens_now작업'!K10,'Ens_now작업'!$C10:$Z10,1)<=3,pred_GDP_now!K11,"") -> 0.837201 | L11: =if(rank('Ens_now작업'!L10,'Ens_now작업'!$C10:$Z10,1)<=3,pred_GDP_now!L11,"") -> 0.57726227 | M11: =if(rank('Ens_now작업'!M10,'Ens_now작업'!$C10:$Z10,1)<=3,pred_GDP_now!M11,"") | O11: =if(rank('Ens_now작업'!O10,'Ens_now작업'!$C10:$Z10,1)<=3,pred_GDP_now!O11,"") | P11: =if(rank('Ens_now작업'!P10,'Ens_now작업'!$C10:$Z10,1)<=3,pred_GDP_now!P11,"") | Q11: =if(rank('Ens_now작업'!Q10,'Ens_now작업'!$C10:$Z10,1)<=3,pred_GDP_now!Q11,"") -> 0.687899 | AA11: =average(err_GDP_now!AA7:AA10) -> 0.693787 | AB11: =index($C$1:$AA$1, match(min(C11:AA11),C11:AA11,0)) -> SVR-KNN | AC11: =min(C11:AA11) -> 0.57726227
A12: 201809 | B12: 0.6 | C12: =if(rank('Ens_now작업'!C11,'Ens_now작업'!$C11:$Z11,1)<=3,pred_GDP_now!C12,"") | D12: =if(rank('Ens_now작업'!D11,'Ens_now작업'!$C11:$Z11,1)<=3,pred_GDP_now!D12,"") | E12: =if(rank('Ens_now작업'!E11,'Ens_now작업'!$C11:$Z11,1)<=3,pred_GDP_now!E12,"") | F12: =if(rank('Ens_now작업'!F11,'Ens_now작업'!$C11:$Z11,1)<=3,pred_GDP_now!F12,"") | H12: =if(rank('Ens_now작업'!H11,'Ens_now작업'!$C11:$Z11,1)<=3,pred_GDP_now!H12,"") | I12: =if(rank('Ens_now작업'!I11,'Ens_now작업'!$C11:$Z11,1)<=3,pred_GDP_now!I12,"") | J12: =if(rank('Ens_now작업'!J11,'Ens_now작업'!$C11:$Z11,1)<=3,pred_GDP_now!J12,"") | K12: =if(rank('Ens_now작업'!K11,'Ens_now작업'!$C11:$Z11,1)<=3,pred_GDP_now!K12,"") -> 0.701816 | L12: =if(rank('Ens_now작업'!L11,'Ens_now작업'!$C11:$Z11,1)<=3,pred_GDP_now!L12,"") -> 0.60425636 | M12: =if(rank('Ens_now작업'!M11,'Ens_now작업'!$C11:$Z11,1)<=3,pred_GDP_now!M12,"") | O12: =if(rank('Ens_now작업'!O11,'Ens_now작업'!$C11:$Z11,1)<=3,pred_GDP_now!O12,"") -> 0.5807563 | P12: =if(rank('Ens_now작업'!P11,'Ens_now작업'!$C11:$Z11,1)<=3,pred_GDP_now!P12,"") | Q12: =if(rank('Ens_now작업'!Q11,'Ens_now작업'!$C11:$Z11,1)<=3,pred_GDP_now!Q12,"") | AA12: =average(err_GDP_now!AA8:AA11) -> 0.76204175 | AB12: =index($C$1:$AA$1, match(min(C12:AA12),C12:AA12,0)) -> RF-DVS | AC12: =min(C12:AA12) -> 0.5807563
A13: 201812 | B13: 0.6 | C13: =if(rank('Ens_now작업'!C12,'Ens_now작업'!$C12:$Z12,1)<=3,pred_GDP_now!C13,"") | D13: =if(rank('Ens_now작업'!D12,'Ens_now작업'!$C12:$Z12,1)<=3,pred_GDP_now!D13,"") | E13: =if(rank('Ens_now작업'!E12,'Ens_now작업'!$C12:$Z12,1)<=3,pred_GDP_now!E13,"") | F13: =if(rank('Ens_now작업'!F12,'Ens_now작업'!$C12:$Z12,1)<=3,pred_GDP_now!F13,"") | H13: =if(rank('Ens_now작업'!H12,'Ens_now작업'!$C12:$Z12,1)<=3,pred_GDP_now!H13,"") | I13: =if(rank('Ens_now작업'!I12,'Ens_now작업'!$C12:$Z12,1)<=3,pred_GDP_now!I13,"") | J13: =if(rank('Ens_now작업'!J12,'Ens_now작업'!$C12:$Z12,1)<=3,pred_GDP_now!J13,"") | K13: =if(rank('Ens_now작업'!K12,'Ens_now작업'!$C12:$Z12,1)<=3,pred_GDP_now!K13,"") -> 0.703083 | L13: =if(rank('Ens_now작업'!L12,'Ens_now작업'!$C12:$Z12,1)<=3,pred_GDP_now!L13,"") -> 0.45311828 | M13: =if(rank('Ens_now작업'!M12,'Ens_now작업'!$C12:$Z12,1)<=3,pred_GDP_now!M13,"") | O13: =if(rank('Ens_now작업'!O12,'Ens_now작업'!$C12:$Z12,1)<=3,pred_GDP_now!O13,"") | P13: =if(rank('Ens_now작업'!P12,'Ens_now작업'!$C12:$Z12,1)<=3,pred_GDP_now!P13,"") | Q13: =if(rank('Ens_now작업'!Q12,'Ens_now작업'!$C12:$Z12,1)<=3,pred_GDP_now!Q13,"") -> 0.117679 | AA13: =average(err_GDP_now!AA9:AA12) -> 0.7140075 | AB13: =index($C$1:$AA$1, match(min(C13:AA13),C13:AA13,0)) -> LQR | AC13: =min(C13:AA13) -> 0.117679
A14: 201903 | B14: -0.1 | C14: =if(rank('Ens_now작업'!C13,'Ens_now작업'!$C13:$Z13,1)<=3,pred_GDP_now!C14,"") | D14: =if(rank('Ens_now작업'!D13,'Ens_now작업'!$C13:$Z13,1)<=3,pred_GDP_now!D14,"") | E14: =if(rank('Ens_now작업'!E13,'Ens_now작업'!$C13:$Z13,1)<=3,pred_GDP_now!E14,"") | F14: =if(rank('Ens_now작업'!F13,'Ens_now작업'!$C13:$Z13,1)<=3,pred_GDP_now!F14,"") | H14: =if(rank('Ens_now작업'!H13,'Ens_now작업'!$C13:$Z13,1)<=3,pred_GDP_now!H14,"") | I14: =if(rank('Ens_now작업'!I13,'Ens_now작업'!$C13:$Z13,1)<=3,pred_GDP_now!I14,"") | J14: =if(rank('Ens_now작업'!J13,'Ens_now작업'!$C13:$Z13,1)<=3,pred_GDP_now!J14,"") | K14: =if(rank('Ens_now작업'!K13,'Ens_now작업'!$C13:$Z13,1)<=3,pred_GDP_now!K14,"") | L14: =if(rank('Ens_now작업'!L13,'Ens_now작업'!$C13:$Z13,1)<=3,pred_GDP_now!L14,"") -> -0.086190051 | M14: =if(rank('Ens_now작업'!M13,'Ens_now작업'!$C13:$Z13,1)<=3,pred_GDP_now!M14,"") | O14: =if(rank('Ens_now작업'!O13,'Ens_now작업'!$C13:$Z13,1)<=3,pred_GDP_now!O14,"") -> 0.61333592 | P14: =if(rank('Ens_now작업'!P13,'Ens_now작업'!$C13:$Z13,1)<=3,pred_GDP_now!P14,"") | Q14: =if(rank('Ens_now작업'!Q13,'Ens_now작업'!$C13:$Z13,1)<=3,pred_GDP_now!Q14,"") -> -0.567977 | AA14: =average(err_GDP_now!AA10:AA13) -> 0.32951275 | AB14: =index($C$1:$AA$1, match(min(C14:AA14),C14:AA14,0)) -> LQR | AC14: =min(C14:AA14) -> -0.567977
A15: 201906 | B15: 1.1 | C15: =if(rank('Ens_now작업'!C14,'Ens_now작업'!$C14:$Z14,1)<=3,pred_GDP_now!C15,"") | D15: =if(rank('Ens_now작업'!D14,'Ens_now작업'!$C14:$Z14,1)<=3,pred_GDP_now!D15,"") | E15: =if(rank('Ens_now작업'!E14,'Ens_now작업'!$C14:$Z14,1)<=3,pred_GDP_now!E15,"") | F15: =if(rank('Ens_now작업'!F14,'Ens_now작업'!$C14:$Z14,1)<=3,pred_GDP_now!F15,"") | H15: =if(rank('Ens_now작업'!H14,'Ens_now작업'!$C14:$Z14,1)<=3,pred_GDP_now!H15,"") | I15: =if(rank('Ens_now작업'!I14,'Ens_now작업'!$C14:$Z14,1)<=3,pred_GDP_now!I15,"") | J15: =if(rank('Ens_now작업'!J14,'Ens_now작업'!$C14:$Z14,1)<=3,pred_GDP_now!J15,"") | K15: =if(rank('Ens_now작업'!K14,'Ens_now작업'!$C14:$Z14,1)<=3,pred_GDP_now!K15,"") -> 0.880991 | L15: =if(rank('Ens_now작업'!L14,'Ens_now작업'!$C14:$Z14,1)<=3,pred_GDP_now!L15,"") -> 0.87297946 | M15: =if(rank('Ens_now작업'!M14,'Ens_now작업'!$C14:$Z14,1)<=3,pred_GDP_now!M15,"") | O15: =if(rank('Ens_now작업'!O14,'Ens_now작업'!$C14:$Z14,1)<=3,pred_GDP_now!O15,"") -> 0.86478391 | P15: =if(rank('Ens_now작업'!P14,'Ens_now작업'!$C14:$Z14,1)<=3,pred_GDP_now!P15,"") | Q15: =if(rank('Ens_now작업'!Q14,'Ens_now작업'!$C14:$Z14,1)<=3,pred_GDP_now!Q15,"") | AA15: =average(err_GDP_now!AA11:AA14) -> 0.406979 | AB15: =index($C$1:$AA$1, match(min(C15:AA15),C15:AA15,0)) -> TEXT | AC15: =min(C15:AA15) -> 0.406979
A16: 201909 | B16: 0.4 | C16: =if(rank('Ens_now작업'!C15,'Ens_now작업'!$C15:$Z15,1)<=3,pred_GDP_now!C16,"") | D16: =if(rank('Ens_now작업'!D15,'Ens_now작업'!$C15:$Z15,1)<=3,pred_GDP_now!D16,"") -> 0.44981 | E16: =if(rank('Ens_now작업'!E15,'Ens_now작업'!$C15:$Z15,1)<=3,pred_GDP_now!E16,"") | F16: =if(rank('Ens_now작업'!F15,'Ens_now작업'!$C15:$Z15,1)<=3,pred_GDP_now!F16,"") -> 0.511463 | H16: =if(rank('Ens_now작업'!H15,'Ens_now작업'!$C15:$Z15,1)<=3,pred_GDP_now!H16,"") | I16: =if(rank('Ens_now작업'!I15,'Ens_now작업'!$C15:$Z15,1)<=3,pred_GDP_now!I16,"") | J16: =if(rank('Ens_now작업'!J15,'Ens_now작업'!$C15:$Z15,1)<=3,pred_GDP_now!J16,"") | K16: =if(rank('Ens_now작업'!K15,'Ens_now작업'!$C15:$Z15,1)<=3,pred_GDP_now!K16,"") | L16: =if(rank('Ens_now작업'!L15,'Ens_now작업'!$C15:$Z15,1)<=3,pred_GDP_now!L16,"") -> 0.47015826 | M16: =if(rank('Ens_now작업'!M15,'Ens_now작업'!$C15:$Z15,1)<=3,pred_GDP_now!M16,"") | O16: =if(rank('Ens_now작업'!O15,'Ens_now작업'!$C15:$Z15,1)<=3,pred_GDP_now!O16,"") | P16: =if(rank('Ens_now작업'!P15,'Ens_now작업'!$C15:$Z15,1)<=3,pred_GDP_now!P16,"") | Q16: =if(rank('Ens_now작업'!Q15,'Ens_now작업'!$C15:$Z15,1)<=3,pred_GDP_now!Q16,"") | AA16: =average(err_GDP_now!AA12:AA15) -> 0.349763 | AB16: =index($C$1:$AA$1, match(min(C16:AA16),C16:AA16,0)) -> TEXT | AC16: =min(C16:AA16) -> 0.349763
A17: 201912 | B17: 1.2 | C17: =if(rank('Ens_now작업'!C16,'Ens_now작업'!$C16:$Z16,1)<=3,pred_GDP_now!C17,"") | D17: =if(rank('Ens_now작업'!D16,'Ens_now작업'!$C16:$Z16,1)<=3,pred_GDP_now!D17,"") -> 0.620985 | E17: =if(rank('Ens_now작업'!E16,'Ens_now작업'!$C16:$Z16,1)<=3,pred_GDP_now!E17,"") | F17: =if(rank('Ens_now작업'!F16,'Ens_now작업'!$C16:$Z16,1)<=3,pred_GDP_now!F17,"") | H17: =if(rank('Ens_now작업'!H16,'Ens_now작업'!$C16:$Z16,1)<=3,pred_GDP_now!H17,"") | I17: =if(rank('Ens_now작업'!I16,'Ens_now작업'!$C16:$Z16,1)<=3,pred_GDP_now!I17,"") | J17: =if(rank('Ens_now작업'!J16,'Ens_now작업'!$C16:$Z16,1)<=3,pred_GDP_now!J17,"") | K17: =if(rank('Ens_now작업'!K16,'Ens_now작업'!$C16:$Z16,1)<=3,pred_GDP_now!K17,"") -> 0.852092 | L17: =if(rank('Ens_now작업'!L16,'Ens_now작업'!$C16:$Z16,1)<=3,pred_GDP_now!L17,"") -> 0.8978016 | M17: =if(rank('Ens_now작업'!M16,'Ens_now작업'!$C16:$Z16,1)<=3,pred_GDP_now!M17,"") | O17: =if(rank('Ens_now작업'!O16,'Ens_now작업'!$C16:$Z16,1)<=3,pred_GDP_now!O17,"") | P17: =if(rank('Ens_now작업'!P16,'Ens_now작업'!$C16:$Z16,1)<=3,pred_GDP_now!P17,"") | Q17: =if(rank('Ens_now작업'!Q16,'Ens_now작업'!$C16:$Z16,1)<=3,pred_GDP_now!Q17,"") | AA17: =average(err_GDP_now!AA13:AA16) -> 0.4402365 | AB17: =index($C$1:$AA$1, match(min(C17:AA17),C17:AA17,0)) -> TEXT | AC17: =min(C17:AA17) -> 0.4402365
A18: 202003 | B18: -1.3 | C18: =if(rank('Ens_now작업'!C17,'Ens_now작업'!$C17:$Z17,1)<=3,pred_GDP_now!C18,"") -> -0.039388748 | D18: =if(rank('Ens_now작업'!D17,'Ens_now작업'!$C17:$Z17,1)<=3,pred_GDP_now!D18,"") -> -0.00475 | E18: =if(rank('Ens_now작업'!E17,'Ens_now작업'!$C17:$Z17,1)<=3,pred_GDP_now!E18,"") | F18: =if(rank('Ens_now작업'!F17,'Ens_now작업'!$C17:$Z17,1)<=3,pred_GDP_now!F18,"") | H18: =if(rank('Ens_now작업'!H17,'Ens_now작업'!$C17:$Z17,1)<=3,pred_GDP_now!H18,"") | I18: =if(rank('Ens_now작업'!I17,'Ens_now작업'!$C17:$Z17,1)<=3,pred_GDP_now!I18,"") | J18: =if(rank('Ens_now작업'!J17,'Ens_now작업'!$C17:$Z17,1)<=3,pred_GDP_now!J18,"") | K18: =if(rank('Ens_now작업'!K17,'Ens_now작업'!$C17:$Z17,1)<=3,pred_GDP_now!K18,"") | L18: =if(rank('Ens_now작업'!L17,'Ens_now작업'!$C17:$Z17,1)<=3,pred_GDP_now!L18,"") -> 0.23187381 | M18: =if(rank('Ens_now작업'!M17,'Ens_now작업'!$C17:$Z17,1)<=3,pred_GDP_now!M18,"") | O18: =if(rank('Ens_now작업'!O17,'Ens_now작업'!$C17:$Z17,1)<=3,pred_GDP_now!O18,"") | P18: =if(rank('Ens_now작업'!P17,'Ens_now작업'!$C17:$Z17,1)<=3,pred_GDP_now!P18,"") | Q18: =if(rank('Ens_now작업'!Q17,'Ens_now작업'!$C17:$Z17,1)<=3,pred_GDP_now!Q18,"") | AA18: =average(err_GDP_now!AA14:AA17) -> 0.63064575 | AB18: =index($C$1:$AA$1, match(min(C18:AA18),C18:AA18,0)) -> DFM | AC18: =min(C18:AA18) -> -0.039388748
... A29: 202212 | B29: -0.3 | C29: =if(rank('Ens_now작업'!C28,'Ens_now작업'!$C28:$Z28,1)<=3,pred_GDP_now!C29,"") | D29: =if(rank('Ens_now작업'!D28,'Ens_now작업'!$C28:$Z28,1)<=3,pred_GDP_now!D29,"") -> -0.78486 | E29: =if(rank('Ens_now작업'!E28,'Ens_now작업'!$C28:$Z28,1)<=3,pred_GDP_now!E29,"") -> -0.93253 | F29: =if(rank('Ens_now작업'!F28,'Ens_now작업'!$C28:$Z28,1)<=3,pred_GDP_now!F29,"") | H29: =if(rank('Ens_now작업'!H28,'Ens_now작업'!$C28:$Z28,1)<=3,pred_GDP_now!H29,"") -> -0.03764 | I29: =if(rank('Ens_now작업'!I28,'Ens_now작업'!$C28:$Z28,1)<=3,pred_GDP_now!I29,"") | J29: =if(rank('Ens_now작업'!J28,'Ens_now작업'!$C28:$Z28,1)<=3,pred_GDP_now!J29,"") | K29: =if(rank('Ens_now작업'!K28,'Ens_now작업'!$C28:$Z28,1)<=3,pred_GDP_now!K29,"") | L29: =if(rank('Ens_now작업'!L28,'Ens_now작업'!$C28:$Z28,1)<=3,pred_GDP_now!L29,"") | M29: =if(rank('Ens_now작업'!M28,'Ens_now작업'!$C28:$Z28,1)<=3,pred_GDP_now!M29,"") | O29: =if(rank('Ens_now작업'!O28,'Ens_now작업'!$C28:$Z28,1)<=3,pred_GDP_now!O29,"") | P29: =if(rank('Ens_now작업'!P28,'Ens_now작업'!$C28:$Z28,1)<=3,pred_GDP_now!P29,"") | Q29: =if(rank('Ens_now작업'!Q28,'Ens_now작업'!$C28:$Z28,1)<=3,pred_GDP_now!Q29,"") | AA29: =average(err_GDP_now!AA25:AA28) -> 0.39303975 | AB29: =index($C$1:$AA$1, match(min(C29:AA29),C29:AA29,0)) -> BEM2 | AC29: =min(C29:AA29) -> -0.93253
A30: 202303 | B30: 0.3 | C30: =if(rank('Ens_now작업'!C29,'Ens_now작업'!$C29:$Z29,1)<=3,pred_GDP_now!C30,"") | D30: =if(rank('Ens_now작업'!D29,'Ens_now작업'!$C29:$Z29,1)<=3,pred_GDP_now!D30,"") -> 0.32618 | E30: =if(rank('Ens_now작업'!E29,'Ens_now작업'!$C29:$Z29,1)<=3,pred_GDP_now!E30,"") -> 0.190789 | F30: =if(rank('Ens_now작업'!F29,'Ens_now작업'!$C29:$Z29,1)<=3,pred_GDP_now!F30,"") | H30: =if(rank('Ens_now작업'!H29,'Ens_now작업'!$C29:$Z29,1)<=3,pred_GDP_now!H30,"") | I30: =if(rank('Ens_now작업'!I29,'Ens_now작업'!$C29:$Z29,1)<=3,pred_GDP_now!I30,"") | J30: =if(rank('Ens_now작업'!J29,'Ens_now작업'!$C29:$Z29,1)<=3,pred_GDP_now!J30,"") | K30: =if(rank('Ens_now작업'!K29,'Ens_now작업'!$C29:$Z29,1)<=3,pred_GDP_now!K30,"") | L30: =if(rank('Ens_now작업'!L29,'Ens_now작업'!$C29:$Z29,1)<=3,pred_GDP_now!L30,"") -> 0.45476664 | M30: =if(rank('Ens_now작업'!M29,'Ens_now작업'!$C29:$Z29,1)<=3,pred_GDP_now!M30,"") | O30: =if(rank('Ens_now작업'!O29,'Ens_now작업'!$C29:$Z29,1)<=3,pred_GDP_now!O30,"") | P30: =if(rank('Ens_now작업'!P29,'Ens_now작업'!$C29:$Z29,1)<=3,pred_GDP_now!P30,"") | Q30: =if(rank('Ens_now작업'!Q29,'Ens_now작업'!$C29:$Z29,1)<=3,pred_GDP_now!Q30,"") | AA30: =average(err_GDP_now!AA26:AA29) -> 0.4237145
B32: MAE | C32: =AVERAGE(C2:C30) -> -0.039388748 | D32: =AVERAGE(D2:D30) -> 0.40138683 | E32: =AVERAGE(E2:E30) -> 0.69998325 | F32: =AVERAGE(F2:F30) -> 0.632483 | H32: =AVERAGE(H2:H30) -> 0.3579225 | I32: =AVERAGE(I2:I30) -> 1.0818711 | J32: =AVERAGE(J2:J30) -> #DIV/0! | K32: =AVERAGE(K2:K30) -> 0.8187085 | L32: =AVERAGE(L2:L30) -> 0.63570234 | M32: =AVERAGE(M2:M30) -> #DIV/0! | O32: =AVERAGE(O2:O30) -> 0.79266335 | P32: =AVERAGE(P2:P30) -> 1.2205448 | Q32: =AVERAGE(Q2:Q30) -> 0.535309 | AA32: =AVERAGE(AA2:AA30) -> 0.86258969 | AC32: =AVERAGE(AC2:AC30) -> 0.40595745
B33: RMSE | C33: =(sumsq(C2:C30)/count(C2:C30))^(0.5) -> 0.039388748 | D33: =(sumsq(D2:D30)/count(D2:D30))^(0.5) -> 0.88162954 | E33: =(sumsq(E2:E30)/count(E2:E30))^(0.5) -> 1.0413764 | F33: =(sumsq(F2:F30)/count(F2:F30))^(0.5) -> 0.68851867 | H33: =(sumsq(H2:H30)/count(H2:H30))^(0.5) -> 0.53345872 | I33: =(sumsq(I2:I30)/count(I2:I30))^(0.5) -> 1.7839382 | J33: =(sumsq(J2:J30)/count(J2:J30))^(0.5) -> #DIV/0! | K33: =(sumsq(K2:K30)/count(K2:K30))^(0.5) -> 0.82341558 | L33: =(sumsq(L2:L30)/count(L2:L30))^(0.5) -> 0.89364827 | M33: =(sumsq(M2:M30)/count(M2:M30))^(0.5) -> #DIV/0! | O33: =(sumsq(O2:O30)/count(O2:O30))^(0.5) -> 0.82118189 | P33: =(sumsq(P2:P30)/count(P2:P30))^(0.5) -> 1.2352263 | Q33: =(sumsq(Q2:Q30)/count(Q2:Q30))^(0.5) -> 0.8611245 | AA33: =(sumsq(AA2:AA30)/count(AA2:AA30))^(0.5) -> 1.1362936 | AC33: =(sumsq(AC2:AC30)/count(AC2:AC30))^(0.5) -> 0.78120215
B34: MAX | C34: =MAX(C2:C30) -> -0.039388748 | D34: =MAX(D2:D30) -> 1.517258 | E34: =MAX(E2:E30) -> 2.347293 | F34: =MAX(F2:F30) -> 1.015314 | H34: =MAX(H2:H30) -> 0.753485 | I34: =MAX(I2:I30) -> 2.4220965 | J34: =MAX(J2:J30) -> 0 | K34: =MAX(K2:K30) -> 0.937068 | L34: =MAX(L2:L30) -> 2.2233262 | M34: =MAX(M2:M30) -> 0 | O34: =MAX(O2:O30) -> 1.1117773 | P34: =MAX(P2:P30) -> 1.4101611 | Q34: =MAX(Q2:Q30) -> 1.946373 | AA34: =MAX(AA2:AA30) -> 2.6363747 | AC34: =MAX(AC2:AC30) -> 1.978706

Sheet pred_Ens_1qa
B1: GDP(SA) True | C1: Min | D1: Max | E1: Avg | F1: Median | G1: Med_item | H1: Adaptive selection | I1: Min1y_item | J1: Adaptive selection 1y | K1: Adaptive top5 1y | L1: Adaptive top5 1y | N1: 10percentile | O1: 25percentile | P1: median | Q1: 75percentile | R1: 90percentile
A2: 201603 | B2: 0.3 | C2: =min(pred_GDP_1qa!$C2:$Z2) -> 0.328101 | D2: =MAX(pred_GDP_1qa!$C2:$Z2) -> 1.1203204 | E2: =AVERAGE(pred_GDP_1qa!$C2:$Z2) -> 0.64666137 | F2: =MEDIAN(pred_GDP_1qa!$C2:$Z2) -> 0.72217699 | N2: =percentile(pred_GDP_1qa!$C2:$Z2,0.1) -> 0.3669279 | O2: =percentile(pred_GDP_1qa!$C2:$Z2,0.25) -> 0.4325395 | P2: =percentile(pred_GDP_1qa!$C2:$Z2,0.5) -> 0.72217699 | Q2: =percentile(pred_GDP_1qa!$C2:$Z2,0.75) -> 0.74460345 | R2: =percentile(pred_GDP_1qa!$C2:$Z2,0.9) -> 0.78872079 | S2: =R2-N2 -> 0.42179289 | T2: =Q2-O2 -> 0.31206395
A3: 201606 | B3: 1.2 | C3: =min(pred_GDP_1qa!$C3:$Z3) -> -0.03484 | D3: =MAX(pred_GDP_1qa!$C3:$Z3) -> 1.1046937 | E3: =AVERAGE(pred_GDP_1qa!$C3:$Z3) -> 0.72616424 | F3: =MEDIAN(pred_GDP_1qa!$C3:$Z3) -> 0.79073478 | G3: {=index(pred_GDP_1qa!$C$1:$Z$1,1,match(MEDIAN(pred_GDP_1qa!$C2:$Z2),pred_GDP_1qa!$C2:$Z2))} -> VAR | H3: {=index(pred_GDP_1qa!$C3:$Z3,1,match(F2,pred_GDP_1qa!$C2:$Z2))} -> -0.03484 | N3: =percentile(pred_GDP_1qa!$C3:$Z3,0.1) -> 0.4318198 | O3: =percentile(pred_GDP_1qa!$C3:$Z3,0.25) -> 0.609076 | P3: =percentile(pred_GDP_1qa!$C3:$Z3,0.5) -> 0.79073478 | Q3: =percentile(pred_GDP_1qa!$C3:$Z3,0.75) -> 0.986338 | R3: =percentile(pred_GDP_1qa!$C3:$Z3,0.9) -> 1.0600925 | S3: =R3-N3 -> 0.62827268 | T3: =Q3-O3 -> 0.377262
A4: 201609 | B4: 0.4 | C4: =min(pred_GDP_1qa!$C4:$Z4) -> 0.40579309 | D4: =MAX(pred_GDP_1qa!$C4:$Z4) -> 1.1350501 | E4: =AVERAGE(pred_GDP_1qa!$C4:$Z4) -> 0.70986557 | F4: =MEDIAN(pred_GDP_1qa!$C4:$Z4) -> 0.688193 | G4: {=index(pred_GDP_1qa!$C$1:$Z$1,1,match(MEDIAN(pred_GDP_1qa!$C3:$Z3),pred_GDP_1qa!$C3:$Z3))} -> LQR | H4: {=index(pred_GDP_1qa!$C4:$Z4,1,match(F3,pred_GDP_1qa!$C3:$Z3))} -> 0.688193 | N4: =percentile(pred_GDP_1qa!$C4:$Z4,0.1) -> 0.4197086 | O4: =percentile(pred_GDP_1qa!$C4:$Z4,0.25) -> 0.452506 | P4: =percentile(pred_GDP_1qa!$C4:$Z4,0.5) -> 0.688193 | Q4: =percentile(pred_GDP_1qa!$C4:$Z4,0.75) -> 0.88749051 | R4: =percentile(pred_GDP_1qa!$C4:$Z4,0.9) -> 1.0407894 | S4: =R4-N4 -> 0.62108075 | T4: =Q4-O4 -> 0.43498451
A5: 201612 | B5: 0.6 | C5: =min(pred_GDP_1qa!$C5:$Z5) -> 0.240202 | D5: =MAX(pred_GDP_1qa!$C5:$Z5) -> 1.2468637 | E5: =AVERAGE(pred_GDP_1qa!$C5:$Z5) -> 0.63666507 | F5: =MEDIAN(pred_GDP_1qa!$C5:$Z5) -> 0.6308 | G5: {=index(pred_GDP_1qa!$C$1:$Z$1,1,match(MEDIAN(pred_GDP_1qa!$C4:$Z4),pred_GDP_1qa!$C4:$Z4))} -> LQR | H5: {=index(pred_GDP_1qa!$C5:$Z5,1,match(F4,pred_GDP_1qa!$C4:$Z4))} -> 0.6308 | N5: =percentile(pred_GDP_1qa!$C5:$Z5,0.1) -> 0.4118646 | O5: =percentile(pred_GDP_1qa!$C5:$Z5,0.25) -> 0.52938926 | P5: =percentile(pred_GDP_1qa!$C5:$Z5,0.5) -> 0.6308 | Q5: =percentile(pred_GDP_1qa!$C5:$Z5,0.75) -> 0.69038471 | R5: =percentile(pred_GDP_1qa!$C5:$Z5,0.9) -> 0.8235824 | S5: =R5-N5 -> 0.4117178 | T5: =Q5-O5 -> 0.16099545
A6: 201703 | B6: 1 | C6: =min(pred_GDP_1qa!$C6:$Z6) -> 0.106919 | D6: =MAX(pred_GDP_1qa!$C6:$Z6) -> 1.343074 | E6: =AVERAGE(pred_GDP_1qa!$C6:$Z6) -> 0.86659725 | F6: =MEDIAN(pred_GDP_1qa!$C6:$Z6) -> 0.916089 | G6: {=index(pred_GDP_1qa!$C$1:$Z$1,1,match(MEDIAN(pred_GDP_1qa!$C5:$Z5),pred_GDP_1qa!$C5:$Z5))} -> LQR | H6: {=index(pred_GDP_1qa!$C6:$Z6,1,match(F5,pred_GDP_1qa!$C5:$Z5))} -> 0.985421 | N6: =percentile(pred_GDP_1qa!$C6:$Z6,0.1) -> 0.28259469 | O6: =percentile(pred_GDP_1qa!$C6:$Z6,0.25) -> 0.78580313 | P6: =percentile(pred_GDP_1qa!$C6:$Z6,0.5) -> 0.916089 | Q6: =percentile(pred_GDP_1qa!$C6:$Z6,0.75) -> 1.0983522 | R6: =percentile(pred_GDP_1qa!$C6:$Z6,0.9) -> 1.225634 | S6: =R6-N6 -> 0.94303926 | T6: =Q6-O6 -> 0.31254903
A7: 201706 | B7: 0.8 | C7: =min(pred_GDP_1qa!$C7:$Z7) -> -0.35810922 | D7: =MAX(pred_GDP_1qa!$C7:$Z7) -> 1.23765 | E7: =AVERAGE(pred_GDP_1qa!$C7:$Z7) -> 0.66848729 | F7: =MEDIAN(pred_GDP_1qa!$C7:$Z7) -> 0.70761799 | G7: {=index(pred_GDP_1qa!$C$1:$Z$1,1,match(MEDIAN(pred_GDP_1qa!$C6:$Z6),pred_GDP_1qa!$C6:$Z6))} -> RF-DVS | H7: {=index(pred_GDP_1qa!$C7:$Z7,1,match(F6,pred_GDP_1qa!$C6:$Z6))} -> 0.40988534 | I7: {=index(pred_GDP_1qa!$C$1:$Z$1,1,match(min('Ens_1qa작업'!$C6:$Z6),'Ens_1qa작업'!$C6:$Z6,0))} -> RF-DVS | J7: {=index(pred_GDP_1qa!$C7:$Z7,1,match(min('Ens_1qa작업'!$C6:$Z6),'Ens_1qa작업'!$C6:$Z6,0))} -> 0.40988534 | K7: =AVERAGE('Ens_1qa작업2'!$C7:$Z7) -> 0.53010619 | L7: =AVERAGE('Ens_1qa작업3'!$C7:$Z7) -> 0.17383571 | N7: =percentile(pred_GDP_1qa!$C7:$Z7,0.1) -> 0.40729547 | O7: =percentile(pred_GDP_1qa!$C7:$Z7,0.25) -> 0.450203 | P7: =percentile(pred_GDP_1qa!$C7:$Z7,0.5) -> 0.70761799 | Q7: =percentile(pred_GDP_1qa!$C7:$Z7,0.75) -> 1.0012109 | R7: =percentile(pred_GDP_1qa!$C7:$Z7,0.9) -> 1.0742066 | S7: =R7-N7 -> 0.66691118 | T7: =Q7-O7 -> 0.55100793
A8: 201709 | B8: 1.4 | C8: =min(pred_GDP_1qa!$C8:$Z8) -> 0.124685 | D8: =MAX(pred_GDP_1qa!$C8:$Z8) -> 1.218567 | E8: =AVERAGE(pred_GDP_1qa!$C8:$Z8) -> 0.69124852 | F8: =MEDIAN(pred_GDP_1qa!$C8:$Z8) -> 0.7163979 | G8: {=index(pred_GDP_1qa!$C$1:$Z$1,1,match(MEDIAN(pred_GDP_1qa!$C7:$Z7),pred_GDP_1qa!$C7:$Z7))} -> RF-DVS | H8: {=index(pred_GDP_1qa!$C8:$Z8,1,match(F7,pred_GDP_1qa!$C7:$Z7))} -> 0.45234102 | I8: {=index(pred_GDP_1qa!$C$1:$Z$1,1,match(min('Ens_1qa작업'!$C7:$Z7),'Ens_1qa작업'!$C7:$Z7,0))} -> BEM1 | J8: {=index(pred_GDP_1qa!$C8:$Z8,1,match(min('Ens_1qa작업'!$C7:$Z7),'Ens_1qa작업'!$C7:$Z7,0))} -> 0.500708 | K8: =AVERAGE('Ens_1qa작업2'!$C8:$Z8) -> 0.59278239 | L8: =AVERAGE('Ens_1qa작업3'!$C8:$Z8) -> 0.55648231 | N8: =percentile(pred_GDP_1qa!$C8:$Z8,0.1) -> 0.28719479 | O8: =percentile(pred_GDP_1qa!$C8:$Z8,0.25) -> 0.45234102 | P8: =percentile(pred_GDP_1qa!$C8:$Z8,0.5) -> 0.7163979 | Q8: =percentile(pred_GDP_1qa!$C8:$Z8,0.75) -> 0.91335548 | R8: =percentile(pred_GDP_1qa!$C8:$Z8,0.9) -> 1.0644265 | S8: =R8-N8 -> 0.77723172 | T8: =Q8-O8 -> 0.46101445
A9: 201712 | B9: -0.3 | C9: =min(pred_GDP_1qa!$C9:$Z9) -> 0.084091 | D9: =MAX(pred_GDP_1qa!$C9:$Z9) -> 1.2477964 | E9: =AVERAGE(pred_GDP_1qa!$C9:$Z9) -> 0.7385169 | F9: =MEDIAN(pred_GDP_1qa!$C9:$Z9) -> 0.849378 | G9: {=index(pred_GDP_1qa!$C$1:$Z$1,1,match(MEDIAN(pred_GDP_1qa!$C8:$Z8),pred_GDP_1qa!$C8:$Z8))} -> RF-DVS | H9: {=index(pred_GDP_1qa!$C9:$Z9,1,match(F8,pred_GDP_1qa!$C8:$Z8))} -> 0.50966887 | I9: {=index(pred_GDP_1qa!$C$1:$Z$1,1,match(min('Ens_1qa작업'!$C8:$Z8),'Ens_1qa작업'!$C8:$Z8,0))} -> LQR | J9: {=index(pred_GDP_1qa!$C9:$Z9,1,match(min('Ens_1qa작업'!$C8:$Z8),'Ens_1qa작업'!$C8:$Z8,0))} -> 0.849378 | K9: =AVERAGE('Ens_1qa작업2'!$C9:$Z9) -> 0.65434982 | L9: =AVERAGE('Ens_1qa작업3'!$C9:$Z9) -> 0.75372603 | N9: =percentile(pred_GDP_1qa!$C9:$Z9,0.1) -> 0.42620122 | O9: =percentile(pred_GDP_1qa!$C9:$Z9,0.25) -> 0.462819 | P9: =percentile(pred_GDP_1qa!$C9:$Z9,0.5) -> 0.849378 | Q9: =percentile(pred_GDP_1qa!$C9:$Z9,0.75) -> 0.98616961 | R9: =percentile(pred_GDP_1qa!$C9:$Z9,0.9) -> 1.1081372 | S9: =R9-N9 -> 0.68193598 | T9: =Q9-O9 -> 0.52335061
A10: 201803 | B10: 1.3 | C10: =min(pred_GDP_1qa!$C10:$Z10) -> 0.206457 | D10: =MAX(pred_GDP_1qa!$C10:$Z10) -> 1.1 | E10: =AVERAGE(pred_GDP_1qa!$C10:$Z10) -> 0.7394541 | F10: =MEDIAN(pred_GDP_1qa!$C10:$Z10) -> 0.772475 | G10: {=index(pred_GDP_1qa!$C$1:$Z$1,1,match(MEDIAN(pred_GDP_1qa!$C9:$Z9),pred_GDP_1qa!$C9:$Z9))} -> LQR | H10: {=index(pred_GDP_1qa!$C10:$Z10,1,match(F9,pred_GDP_1qa!$C9:$Z9))} -> 0.548781 | I10: {=index(pred_GDP_1qa!$C$1:$Z$1,1,match(min('Ens_1qa작업'!$C9:$Z9),'Ens_1qa작업'!$C9:$Z9,0))} -> LQR | J10: {=index(pred_GDP_1qa!$C10:$Z10,1,match(min('Ens_1qa작업'!$C9:$Z9),'Ens_1qa작업'!$C9:$Z9,0))} -> 0.548781 | K10: =AVERAGE('Ens_1qa작업2'!$C10:$Z10) -> 0.78230396 | L10: =AVERAGE('Ens_1qa작업3'!$C10:$Z10) -> 0.81500697 | N10: =percentile(pred_GDP_1qa!$C10:$Z10,0.1) -> 0.5618128 | O10: =percentile(pred_GDP_1qa!$C10:$Z10,0.25) -> 0.63152276 | P10: =percentile(pred_GDP_1qa!$C10:$Z10,0.5) -> 0.772475 | Q10: =percentile(pred_GDP_1qa!$C10:$Z10,0.75) -> 0.87301004 | R10: =percentile(pred_GDP_1qa!$C10:$Z10,0.9) -> 0.96204668 | S10: =R10-N10 -> 0.40023388 | T10: =Q10-O10 -> 0.24148728
A11: 201806 | B11: 0.7 | C11: =min(pred_GDP_1qa!$C11:$Z11) -> 0.271466 | D11: =MAX(pred_GDP_1qa!$C11:$Z11) -> 1.002659 | E11: =AVERAGE(pred_GDP_1qa!$C11:$Z11) -> 0.58989977 | F11: =MEDIAN(pred_GDP_1qa!$C11:$Z11) -> 0.6 | G11: {=index(pred_GDP_1qa!$C$1:$Z$1,1,match(MEDIAN(pred_GDP_1qa!$C10:$Z10),pred_GDP_1qa!$C10:$Z10))} -> OptimARIMA | H11: {=index(pred_GDP_1qa!$C11:$Z11,1,match(F10,pred_GDP_1qa!$C10:$Z10))} -> 1.002659 | I11: {=index(pred_GDP_1qa!$C$1:$Z$1,1,match(min('Ens_1qa작업'!$C10:$Z10),'Ens_1qa작업'!$C10:$Z10,0))} -> BEM3 | J11: {=index(pred_GDP_1qa!$C11:$Z11,1,match(min('Ens_1qa작업'!$C10:$Z10),'Ens_1qa작업'!$C10:$Z10,0))} -> 0.5150402 | K11: =AVERAGE('Ens_1qa작업2'!$C11:$Z11) -> 0.6259952 | L11: =AVERAGE('Ens_1qa작업3'!$C11:$Z11) -> 0.59648801 | N11: =percentile(pred_GDP_1qa!$C11:$Z11,0.1) -> 0.36326814 | O11: =percentile(pred_GDP_1qa!$C11:$Z11,0.25) -> 0.49375286 | P11: =percentile(pred_GDP_1qa!$C11:$Z11,0.5) -> 0.6 | Q11: =percentile(pred_GDP_1qa!$C11:$Z11,0.75) -> 0.663451 | R11: =percentile(pred_GDP_1qa!$C11:$Z11,0.9) -> 0.7637375 | S11: =R11-N11 -> 0.40046936 | T11: =Q11-O11 -> 0.16969814
A12: 201809 | B12: 0.6 | C12: =min(pred_GDP_1qa!$C12:$Z12) -> 0.197968 | D12: =MAX(pred_GDP_1qa!$C12:$Z12) -> 1.4617552 | E12: =AVERAGE(pred_GDP_1qa!$C12:$Z12) -> 0.79569229 | F12: =MEDIAN(pred_GDP_1qa!$C12:$Z12) -> 0.79570786 | G12: {=index(pred_GDP_1qa!$C$1:$Z$1,1,match(MEDIAN(pred_GDP_1qa!$C11:$Z11),pred_GDP_1qa!$C11:$Z11))} -> RF-DVS | H12: {=index(pred_GDP_1qa!$C12:$Z12,1,match(F11,pred_GDP_1qa!$C11:$Z11))} -> 0.57912777 | I12: {=index(pred_GDP_1qa!$C$1:$Z$1,1,match(min('Ens_1qa작업'!$C11:$Z11),'Ens_1qa작업'!$C11:$Z11,0))} -> BEM3 | J12: {=index(pred_GDP_1qa!$C12:$Z12,1,match(min('Ens_1qa작업'!$C11:$Z11),'Ens_1qa작업'!$C11:$Z11,0))} -> 0.79570786 | K12: =AVERAGE('Ens_1qa작업2'!$C12:$Z12) -> 0.90405413 | L12: =AVERAGE('Ens_1qa작업3'!$C12:$Z12) -> 0.81692883 | N12: =percentile(pred_GDP_1qa!$C12:$Z12,0.1) -> 0.56816955 | O12: =percentile(pred_GDP_1qa!$C12:$Z12,0.25) -> 0.606897 | P12: =percentile(pred_GDP_1qa!$C12:$Z12,0.5) -> 0.79570786 | Q12: =percentile(pred_GDP_1qa!$C12:$Z12,0.75) -> 0.92318837 | R12: =percentile(pred_GDP_1qa!$C12:$Z12,0.9) -> 1.2298251 | S12: =R12-N12 -> 0.66165555 | T12: =Q12-O12 -> 0.31629137
A13: 201812 | B13: 0.6 | C13: =min(pred_GDP_1qa!$C13:$Z13) -> 0.0952 | D13: =MAX(pred_GDP_1qa!$C13:$Z13) -> 0.970054 | E13: =AVERAGE(pred_GDP_1qa!$C13:$Z13) -> 0.58128846 | F13: =MEDIAN(pred_GDP_1qa!$C13:$Z13) -> 0.53214375 | G13: {=index(pred_GDP_1qa!$C$1:$Z$1,1,match(MEDIAN(pred_GDP_1qa!$C12:$Z12),pred_GDP_1qa!$C12:$Z12))} -> LQR | H13: {=index(pred_GDP_1qa!$C13:$Z13,1,match(F12,pred_GDP_1qa!$C12:$Z12))} -> 0.970054 | I13: {=index(pred_GDP_1qa!$C$1:$Z$1,1,match(min('Ens_1qa작업'!$C12:$Z12),'Ens_1qa작업'!$C12:$Z12,0))} -> BEM3 | J13: {=index(pred_GDP_1qa!$C13:$Z13,1,match(min('Ens_1qa작업'!$C12:$Z12),'Ens_1qa작업'!$C12:$Z12,0))} -> 0.53214375 | K13: =AVERAGE('Ens_1qa작업2'!$C13:$Z13) -> 0.59924854 | L13: =AVERAGE('Ens_1qa작업3'!$C13:$Z13) -> 0.52646157 | N13: =percentile(pred_GDP_1qa!$C13:$Z13,0.1) -> 0.35561858 | O13: =percentile(pred_GDP_1qa!$C13:$Z13,0.25) -> 0.505337 | P13: =percentile(pred_GDP_1qa!$C13:$Z13,0.5) -> 0.53214375 | Q13: =percentile(pred_GDP_1qa!$C13:$Z13,0.75) -> 0.714293 | R13: =percentile(pred_GDP_1qa!$C13:$Z13,0.9) -> 0.90785483 | S13: =R13-N13 -> 0.55223625 | T13: =Q13-O13 -> 0.208956
A14: 201903 | B14: -0.1 | C14: =min(pred_GDP_1qa!$C14:$Z14) -> -0.52493723 | D14: =MAX(pred_GDP_1qa!$C14:$Z14) -> 0.7 | E14: =AVERAGE(pred_GDP_1qa!$C14:$Z14) -> 0.40155677 | F14: =MEDIAN(pred_GDP_1qa!$C14:$Z14) -> 0.56220484 | G14: {=index(pred_GDP_1qa!$C$1:$Z$1,1,match(MEDIAN(pred_GDP_1qa!$C13:$Z13),pred_GDP_1qa!$C13:$Z13))} -> RF-DVS | H14: {=index(pred_GDP_1qa!$C14:$Z14,1,match(F13,pred_GDP_1qa!$C13:$Z13))} -> 0.68928929 | I14: {=index(pred_GDP_1qa!$C$1:$Z$1,1,match(min('Ens_1qa작업'!$C13:$Z13),'Ens_1qa작업'!$C13:$Z13,0))} -> BEM3 | J14: {=index(pred_GDP_1qa!$C14:$Z14,1,match(min('Ens_1qa작업'!$C13:$Z13),'Ens_1qa작업'!$C13:$Z13,0))} -> 0.24953052 | K14: =AVERAGE('Ens_1qa작업2'!$C14:$Z14) -> 0.22851672 | L14: =AVERAGE('Ens_1qa작업3'!$C14:$Z14) -> 0.32607717 | N14: =percentile(pred_GDP_1qa!$C14:$Z14,0.1) -> -0.1018539 | O14: =percentile(pred_GDP_1qa!$C14:$Z14,0.25) -> 0.333607 | P14: =percentile(pred_GDP_1qa!$C14:$Z14,0.5) -> 0.56220484 | Q14: =percentile(pred_GDP_1qa!$C14:$Z14,0.75) -> 0.61862594 | R14: =percentile(pred_GDP_1qa!$C14:$Z14,0.9) -> 0.68391723 | S14: =R14-N14 -> 0.78577113 | T14: =Q14-O14 -> 0.28501894
A15: 201906 | B15: 1.1 | C15: =min(pred_GDP_1qa!$C15:$Z15) -> -0.29079 | D15: =MAX(pred_GDP_1qa!$C15:$Z15) -> 0.99000762 | E15: =AVERAGE(pred_GDP_1qa!$C15:$Z15) -> 0.57169535 | F15: =MEDIAN(pred_GDP_1qa!$C15:$Z15) -> 0.634205 | G15: {=index(pred_GDP_1qa!$C$1:$Z$1,1,match(MEDIAN(pred_GDP_1qa!$C14:$Z14),pred_GDP_1qa!$C14:$Z14))} -> SVR-KNN | H15: {=index(pred_GDP_1qa!$C15:$Z15,1,match(F14,pred_GDP_1qa!$C14:$Z14))} -> 0.61821436 | I15: {=index(pred_GDP_1qa!$C$1:$Z$1,1,match(min('Ens_1qa작업'!$C14:$Z14),'Ens_1qa작업'!$C14:$Z14,0))} -> BEM1 | J15: {=index(pred_GDP_1qa!$C15:$Z15,1,match(min('Ens_1qa작업'!$C14:$Z14),'Ens_1qa작업'!$C14:$Z14,0))} -> 0.672491 | K15: =AVERAGE('Ens_1qa작업2'!$C15:$Z15) -> 0.59851576 | L15: =AVERAGE('Ens_1qa작업3'!$C15:$Z15) -> 0.60190247 | N15: =percentile(pred_GDP_1qa!$C15:$Z15,0.1) -> 0.18234521 | O15: =percentile(pred_GDP_1qa!$C15:$Z15,0.25) -> 0.423217 | P15: =percentile(pred_GDP_1qa!$C15:$Z15,0.5) -> 0.634205 | Q15: =percentile(pred_GDP_1qa!$C15:$Z15,0.75) -> 0.72437838 | R15: =percentile(pred_GDP_1qa!$C15:$Z15,0.9) -> 0.95701792 | S15: =R15-N15 -> 0.77467271 | T15: =Q15-O15 -> 0.30116138
A16: 201909 | B16: 0.4 | C16: =min(pred_GDP_1qa!$C16:$Z16) -> 0.2 | D16: =MAX(pred_GDP_1qa!$C16:$Z16) -> 1.0588374 | E16: =AVERAGE(pred_GDP_1qa!$C16:$Z16) -> 0.58032634 | F16: =MEDIAN(pred_GDP_1qa!$C16:$Z16) -> 0.59059153 | G16: {=index(pred_GDP_1qa!$C$1:$Z$1,1,match(MEDIAN(pred_GDP_1qa!$C15:$Z15),pred_GDP_1qa!$C15:$Z15))} -> SVR-KNN | H16: {=index(pred_GDP_1qa!$C16:$Z16,1,match(F15,pred_GDP_1qa!$C15:$Z15))} -> 0.58422408 | I16: {=index(pred_GDP_1qa!$C$1:$Z$1,1,match(min('Ens_1qa작업'!$C15:$Z15),'Ens_1qa작업'!$C15:$Z15,0))} -> BEM1 | J16: {=index(pred_GDP_1qa!$C16:$Z16,1,match(min('Ens_1qa작업'!$C15:$Z15),'Ens_1qa작업'!$C15:$Z15,0))} -> 0.603259 | K16: =AVERAGE('Ens_1qa작업2'!$C16:$Z16) -> 0.60069969 | L16: =AVERAGE('Ens_1qa작업3'!$C16:$Z16) -> 0.5936913 | N16: =percentile(pred_GDP_1qa!$C16:$Z16,0.1) -> 0.35360092 | O16: =percentile(pred_GDP_1qa!$C16:$Z16,0.25) -> 0.47246244 | P16: =percentile(pred_GDP_1qa!$C16:$Z16,0.5) -> 0.59059153 | Q16: =percentile(pred_GDP_1qa!$C16:$Z16,0.75) -> 0.63820048 | R16: =percentile(pred_GDP_1qa!$C16:$Z16,0.9) -> 0.7590038 | S16: =R16-N16 -> 0.40540288 | T16: =Q16-O16 -> 0.16573804
A17: 201912 | B17: 1.2 | C17: =min(pred_GDP_1qa!$C17:$Z17) -> 0.174499 | D17: =MAX(pred_GDP_1qa!$C17:$Z17) -> 1.7895945 | E17: =AVERAGE(pred_GDP_1qa!$C17:$Z17) -> 0.7892938 | F17: =MEDIAN(pred_GDP_1qa!$C17:$Z17) -> 0.692307 | G17: {=index(pred_GDP_1qa!$C$1:$Z$1,1,match(MEDIAN(pred_GDP_1qa!$C16:$Z16),pred_GDP_1qa!$C16:$Z16))} -> CRNN | H17: {=index(pred_GDP_1qa!$C17:$Z17,1,match(F16,pred_GDP_1qa!$C16:$Z16))} -> 0.7 | I17: {=index(pred_GDP_1qa!$C$1:$Z$1,1,match(min('Ens_1qa작업'!$C16:$Z16),'Ens_1qa작업'!$C16:$Z16,0))} -> BEM1 | J17: {=index(pred_GDP_1qa!$C17:$Z17,1,match(min('Ens_1qa작업'!$C16:$Z16),'Ens_1qa작업'!$C16:$Z16,0))} -> 0.677511 | K17: =AVERAGE('Ens_1qa작업2'!$C17:$Z17) -> 0.80076932 | L17: =AVERAGE('Ens_1qa작업3'!$C17:$Z17) -> 0.68512638 | N17: =percentile(pred_GDP_1qa!$C17:$Z17,0.1) -> 0.58524388 | O17: =percentile(pred_GDP_1qa!$C17:$Z17,0.25) -> 0.66053556 | P17: =percentile(pred_GDP_1qa!$C17:$Z17,0.5) -> 0.692307 | Q17: =percentile(pred_GDP_1qa!$C17:$Z17,0.75) -> 0.74181915 | R17: =percentile(pred_GDP_1qa!$C17:$Z17,0.9) -> 1.2195231 | S17: =R17-N17 -> 0.63427924 | T17: =Q17-O17 -> 0.081283591
A18: 202003 | B18: -1.3 | C18: =min(pred_GDP_1qa!$C18:$Z18) -> 0.029684 | D18: =MAX(pred_GDP_1qa!$C18:$Z18) -> 0.96314669 | E18: =AVERAGE(pred_GDP_1qa!$C18:$Z18) -> 0.56363927 | F18: =MEDIAN(pred_GDP_1qa!$C18:$Z18) -> 0.549058 | G18: {=index(pred_GDP_1qa!$C$1:$Z$1,1,match(MEDIAN(pred_GDP_1qa!$C17:$Z17),pred_GDP_1qa!$C17:$Z17))} -> LQR | H18: {=index(pred_GDP_1qa!$C18:$Z18,1,match(F17,pred_GDP_1qa!$C17:$Z17))} -> 0.409247 | I18: {=index(pred_GDP_1qa!$C$1:$Z$1,1,match(min('Ens_1qa작업'!$C17:$Z17),'Ens_1qa작업'!$C17:$Z17,0))} -> T-M | J18: {=index(pred_GDP_1qa!$C18:$Z18,1,match(min('Ens_1qa작업'!$C17:$Z17),'Ens_1qa작업'!$C17:$Z17,0))} -> 0.96314669 | K18: =AVERAGE('Ens_1qa작업2'!$C18:$Z18) -> 0.60925099 | L18: =AVERAGE('Ens_1qa작업3'!$C18:$Z18) -> 0.74972362 | N18: =percentile(pred_GDP_1qa!$C18:$Z18,0.1) -> 0.30311986 | O18: =percentile(pred_GDP_1qa!$C18:$Z18,0.25) -> 0.46986457 | P18: =percentile(pred_GDP_1qa!$C18:$Z18,0.5) -> 0.549058 | Q18: =percentile(pred_GDP_1qa!$C18:$Z18,0.75) -> 0.736839 | R18: =percentile(pred_GDP_1qa!$C18:$Z18,0.9) -> 0.88554073 | S18: =R18-N18 -> 0.58242087 | T18: =Q18-O18 -> 0.26697443
... A29: 202212 | B29: -0.3 | C29: =min(pred_GDP_1qa!$C29:$Z29) -> 0.229872 | D29: =MAX(pred_GDP_1qa!$C29:$Z29) -> 0.74323709 | E29: =AVERAGE(pred_GDP_1qa!$C29:$Z29) -> 0.48372546 | F29: =MEDIAN(pred_GDP_1qa!$C29:$Z29) -> 0.491229 | G29: {=index(pred_GDP_1qa!$C$1:$Z$1,1,match(MEDIAN(pred_GDP_1qa!$C28:$Z28),pred_GDP_1qa!$C28:$Z28))} -> VAR | H29: {=index(pred_GDP_1qa!$C29:$Z29,1,match(F28,pred_GDP_1qa!$C28:$Z28))} -> 0.229872 | I29: {=index(pred_GDP_1qa!$C$1:$Z$1,1,match(min('Ens_1qa작업'!$C28:$Z28),'Ens_1qa작업'!$C28:$Z28,0))} -> T-M | J29: {=index(pred_GDP_1qa!$C29:$Z29,1,match(min('Ens_1qa작업'!$C28:$Z28),'Ens_1qa작업'!$C28:$Z28,0))} -> 0.45572752 | K29: =AVERAGE('Ens_1qa작업2'!$C29:$Z29) -> 0.56481132 | L29: =AVERAGE('Ens_1qa작업3'!$C29:$Z29) -> 0.55215355 | N29: =percentile(pred_GDP_1qa!$C29:$Z29,0.1) -> 0.24675227 | O29: =percentile(pred_GDP_1qa!$C29:$Z29,0.25) -> 0.29975568 | P29: =percentile(pred_GDP_1qa!$C29:$Z29,0.5) -> 0.491229 | Q29: =percentile(pred_GDP_1qa!$C29:$Z29,0.75) -> 0.67244167 | R29: =percentile(pred_GDP_1qa!$C29:$Z29,0.9) -> 0.69527339 | S29: =R29-N29 -> 0.44852111 | T29: =Q29-O29 -> 0.37268599
A30: 202303 | B30: 0.3 | C30: =min(pred_GDP_1qa!$C30:$Z30) -> -0.28481035 | D30: =MAX(pred_GDP_1qa!$C30:$Z30) -> 0.89374155 | E30: =AVERAGE(pred_GDP_1qa!$C30:$Z30) -> 0.38920034 | F30: =MEDIAN(pred_GDP_1qa!$C30:$Z30) -> 0.399041 | G30: {=index(pred_GDP_1qa!$C$1:$Z$1,1,match(MEDIAN(pred_GDP_1qa!$C29:$Z29),pred_GDP_1qa!$C29:$Z29))} -> VAR | H30: {=index(pred_GDP_1qa!$C30:$Z30,1,match(F29,pred_GDP_1qa!$C29:$Z29))} -> -0.17197 | I30: {=index(pred_GDP_1qa!$C$1:$Z$1,1,match(min('Ens_1qa작업'!$C29:$Z29),'Ens_1qa작업'!$C29:$Z29,0))} -> T-M | N30: =percentile(pred_GDP_1qa!$C30:$Z30,0.1) -> -0.12236062 | O30: =percentile(pred_GDP_1qa!$C30:$Z30,0.25) -> 0.324923 | P30: =percentile(pred_GDP_1qa!$C30:$Z30,0.5) -> 0.399041 | Q30: =percentile(pred_GDP_1qa!$C30:$Z30,0.75) -> 0.62314627 | R30: =percentile(pred_GDP_1qa!$C30:$Z30,0.9) -> 0.7347562 | S30: =R30-N30 -> 0.85711682 | T30: =Q30-O30 -> 0.29822327

Sheet err_Ens_1qa
B1: GDP(SA) True | C1: Min | D1: Max | E1: Avg | F1: Median | H1: Adaptive selection | J1: Adaptive selection 1y | K1: Adaptive top2 1y | L1: Adaptive top2 1y | AB1: MIN_item | AC1: MIN
A2: 201603 | B2: 0.3 | C2: =abs(pred_Ens_1qa!C2-pred_Ens_1qa!$B2) -> 0.028101 | D2: =abs(pred_Ens_1qa!D2-pred_Ens_1qa!$B2) -> 0.82032044 | E2: =abs(pred_Ens_1qa!E2-pred_Ens_1qa!$B2) -> 0.34666137 | F2: =abs(pred_Ens_1qa!F2-pred_Ens_1qa!$B2) -> 0.42217699
A3: 201606 | B3: 1.2 | C3: =abs(pred_Ens_1qa!C3-pred_Ens_1qa!$B3) -> 1.23484 | D3: =abs(pred_Ens_1qa!D3-pred_Ens_1qa!$B3) -> 0.095306349 | E3: =abs(pred_Ens_1qa!E3-pred_Ens_1qa!$B3) -> 0.47383576 | F3: =abs(pred_Ens_1qa!F3-pred_Ens_1qa!$B3) -> 0.40926522 | H3: =abs(pred_Ens_1qa!H3-pred_Ens_1qa!$B3) -> 1.23484
A4: 201609 | B4: 0.4 | C4: =abs(pred_Ens_1qa!C4-pred_Ens_1qa!$B4) -> 0.005793093 | D4: =abs(pred_Ens_1qa!D4-pred_Ens_1qa!$B4) -> 0.73505006 | E4: =abs(pred_Ens_1qa!E4-pred_Ens_1qa!$B4) -> 0.30986557 | F4: =abs(pred_Ens_1qa!F4-pred_Ens_1qa!$B4) -> 0.288193 | H4: =abs(pred_Ens_1qa!H4-pred_Ens_1qa!$B4) -> 0.288193
A5: 201612 | B5: 0.6 | C5: =abs(pred_Ens_1qa!C5-pred_Ens_1qa!$B5) -> 0.359798 | D5: =abs(pred_Ens_1qa!D5-pred_Ens_1qa!$B5) -> 0.64686372 | E5: =abs(pred_Ens_1qa!E5-pred_Ens_1qa!$B5) -> 0.036665066 | F5: =abs(pred_Ens_1qa!F5-pred_Ens_1qa!$B5) -> 0.0308 | H5: =abs(pred_Ens_1qa!H5-pred_Ens_1qa!$B5) -> 0.0308
A6: 201703 | B6: 1 | C6: =abs(pred_Ens_1qa!C6-pred_Ens_1qa!$B6) -> 0.893081 | D6: =abs(pred_Ens_1qa!D6-pred_Ens_1qa!$B6) -> 0.343074 | E6: =abs(pred_Ens_1qa!E6-pred_Ens_1qa!$B6) -> 0.13340275 | F6: =abs(pred_Ens_1qa!F6-pred_Ens_1qa!$B6) -> 0.083911 | H6: =abs(pred_Ens_1qa!H6-pred_Ens_1qa!$B6) -> 0.014579 | AB6: =index($C$1:$AA$1, match(min(C6:AA6),C6:AA6,0)) -> Adaptive selection | AC6: =min(C6:AA6) -> 0.014579
A7: 201706 | B7: 0.8 | C7: =abs(pred_Ens_1qa!C7-pred_Ens_1qa!$B7) -> 1.1581092 | D7: =abs(pred_Ens_1qa!D7-pred_Ens_1qa!$B7) -> 0.43765 | E7: =abs(pred_Ens_1qa!E7-pred_Ens_1qa!$B7) -> 0.13151271 | F7: =abs(pred_Ens_1qa!F7-pred_Ens_1qa!$B7) -> 0.09238201 | H7: =abs(pred_Ens_1qa!H7-pred_Ens_1qa!$B7) -> 0.39011466 | J7: =abs(pred_Ens_1qa!J7-pred_Ens_1qa!$B7) -> 0.39011466 | K7: =abs(pred_Ens_1qa!K7-pred_Ens_1qa!$B7) -> 0.26989381 | L7: =abs(pred_Ens_1qa!L7-pred_Ens_1qa!$B7) -> 0.62616429 | AB7: =index($C$1:$AA$1, match(min(C7:AA7),C7:AA7,0)) -> Median | AC7: =min(C7:AA7) -> 0.09238201
A8: 201709 | B8: 1.4 | C8: =abs(pred_Ens_1qa!C8-pred_Ens_1qa!$B8) -> 1.275315 | D8: =abs(pred_Ens_1qa!D8-pred_Ens_1qa!$B8) -> 0.181433 | E8: =abs(pred_Ens_1qa!E8-pred_Ens_1qa!$B8) -> 0.70875148 | F8: =abs(pred_Ens_1qa!F8-pred_Ens_1qa!$B8) -> 0.6836021 | H8: =abs(pred_Ens_1qa!H8-pred_Ens_1qa!$B8) -> 0.94765898 | J8: =abs(pred_Ens_1qa!J8-pred_Ens_1qa!$B8) -> 0.899292 | K8: =abs(pred_Ens_1qa!K8-pred_Ens_1qa!$B8) -> 0.80721761 | L8: =abs(pred_Ens_1qa!L8-pred_Ens_1qa!$B8) -> 0.84351769 | AB8: =index($C$1:$AA$1, match(min(C8:AA8),C8:AA8,0)) -> Max | AC8: =min(C8:AA8) -> 0.181433
A9: 201712 | B9: -0.3 | C9: =abs(pred_Ens_1qa!C9-pred_Ens_1qa!$B9) -> 0.384091 | D9: =abs(pred_Ens_1qa!D9-pred_Ens_1qa!$B9) -> 1.5477964 | E9: =abs(pred_Ens_1qa!E9-pred_Ens_1qa!$B9) -> 1.0385169 | F9: =abs(pred_Ens_1qa!F9-pred_Ens_1qa!$B9) -> 1.149378 | H9: =abs(pred_Ens_1qa!H9-pred_Ens_1qa!$B9) -> 0.80966887 | J9: =abs(pred_Ens_1qa!J9-pred_Ens_1qa!$B9) -> 1.149378 | K9: =abs(pred_Ens_1qa!K9-pred_Ens_1qa!$B9) -> 0.95434982 | L9: =abs(pred_Ens_1qa!L9-pred_Ens_1qa!$B9) -> 1.053726 | AB9: =index($C$1:$AA$1, match(min(C9:AA9),C9:AA9,0)) -> Min | AC9: =min(C9:AA9) -> 0.384091
A10: 201803 | B10: 1.3 | C10: =abs(pred_Ens_1qa!C10-pred_Ens_1qa!$B10) -> 1.093543 | D10: =abs(pred_Ens_1qa!D10-pred_Ens_1qa!$B10) -> 0.2 | E10: =abs(pred_Ens_1qa!E10-pred_Ens_1qa!$B10) -> 0.5605459 | F10: =abs(pred_Ens_1qa!F10-pred_Ens_1qa!$B10) -> 0.527525 | H10: =abs(pred_Ens_1qa!H10-pred_Ens_1qa!$B10) -> 0.751219 | J10: =abs(pred_Ens_1qa!J10-pred_Ens_1qa!$B10) -> 0.751219 | K10: =abs(pred_Ens_1qa!K10-pred_Ens_1qa!$B10) -> 0.51769604 | L10: =abs(pred_Ens_1qa!L10-pred_Ens_1qa!$B10) -> 0.48499303 | AB10: =index($C$1:$AA$1, match(min(C10:AA10),C10:AA10,0)) -> Max | AC10: =min(C10:AA10) -> 0.2
A11: 201806 | B11: 0.7 | C11: =abs(pred_Ens_1qa!C11-pred_Ens_1qa!$B11) -> 0.428534 | D11: =abs(pred_Ens_1qa!D11-pred_Ens_1qa!$B11) -> 0.302659 | E11: =abs(pred_Ens_1qa!E11-pred_Ens_1qa!$B11) -> 0.11010023 | F11: =abs(pred_Ens_1qa!F11-pred_Ens_1qa!$B11) -> 0.1 | H11: =abs(pred_Ens_1qa!H11-pred_Ens_1qa!$B11) -> 0.302659 | J11: =abs(pred_Ens_1qa!J11-pred_Ens_1qa!$B11) -> 0.1849598 | K11: =abs(pred_Ens_1qa!K11-pred_Ens_1qa!$B11) -> 0.074004796 | L11: =abs(pred_Ens_1qa!L11-pred_Ens_1qa!$B11) -> 0.10351199 | AB11: =index($C$1:$AA$1, match(min(C11:AA11),C11:AA11,0)) -> Adaptive top2 1y | AC11: =min(C11:AA11) -> 0.074004796
A12: 201809 | B12: 0.6 | C12: =abs(pred_Ens_1qa!C12-pred_Ens_1qa!$B12) -> 0.402032 | D12: =abs(pred_Ens_1qa!D12-pred_Ens_1qa!$B12) -> 0.86175516 | E12: =abs(pred_Ens_1qa!E12-pred_Ens_1qa!$B12) -> 0.19569229 | F12: =abs(pred_Ens_1qa!F12-pred_Ens_1qa!$B12) -> 0.19570786 | H12: =abs(pred_Ens_1qa!H12-pred_Ens_1qa!$B12) -> 0.02087223 | J12: =abs(pred_Ens_1qa!J12-pred_Ens_1qa!$B12) -> 0.19570786 | K12: =abs(pred_Ens_1qa!K12-pred_Ens_1qa!$B12) -> 0.30405413 | L12: =abs(pred_Ens_1qa!L12-pred_Ens_1qa!$B12) -> 0.21692883 | AB12: =index($C$1:$AA$1, match(min(C12:AA12),C12:AA12,0)) -> Adaptive selection | AC12: =min(C12:AA12) -> 0.02087223
A13: 201812 | B13: 0.6 | C13: =abs(pred_Ens_1qa!C13-pred_Ens_1qa!$B13) -> 0.5048 | D13: =abs(pred_Ens_1qa!D13-pred_Ens_1qa!$B13) -> 0.370054 | E13: =abs(pred_Ens_1qa!E13-pred_Ens_1qa!$B13) -> 0.018711544 | F13: =abs(pred_Ens_1qa!F13-pred_Ens_1qa!$B13) -> 0.06785625 | H13: =abs(pred_Ens_1qa!H13-pred_Ens_1qa!$B13) -> 0.370054 | J13: =abs(pred_Ens_1qa!J13-pred_Ens_1qa!$B13) -> 0.06785625 | K13: =abs(pred_Ens_1qa!K13-pred_Ens_1qa!$B13) -> 0.00075145996 | L13: =abs(pred_Ens_1qa!L13-pred_Ens_1qa!$B13) -> 0.073538433 | AB13: =index($C$1:$AA$1, match(min(C13:AA13),C13:AA13,0)) -> Adaptive top2 1y | AC13: =min(C13:AA13) -> 0.00075145996
A14: 201903 | B14: -0.1 | C14: =abs(pred_Ens_1qa!C14-pred_Ens_1qa!$B14) -> 0.42493723 | D14: =abs(pred_Ens_1qa!D14-pred_Ens_1qa!$B14) -> 0.8 | E14: =abs(pred_Ens_1qa!E14-pred_Ens_1qa!$B14) -> 0.50155677 | F14: =abs(pred_Ens_1qa!F14-pred_Ens_1qa!$B14) -> 0.66220484 | H14: =abs(pred_Ens_1qa!H14-pred_Ens_1qa!$B14) -> 0.78928929 | J14: =abs(pred_Ens_1qa!J14-pred_Ens_1qa!$B14) -> 0.34953052 | K14: =abs(pred_Ens_1qa!K14-pred_Ens_1qa!$B14) -> 0.32851672 | L14: =abs(pred_Ens_1qa!L14-pred_Ens_1qa!$B14) -> 0.42607717 | AB14: =index($C$1:$AA$1, match(min(C14:AA14),C14:AA14,0)) -> Adaptive top2 1y | AC14: =min(C14:AA14) -> 0.32851672
A15: 201906 | B15: 1.1 | C15: =abs(pred_Ens_1qa!C15-pred_Ens_1qa!$B15) -> 1.39079 | D15: =abs(pred_Ens_1qa!D15-pred_Ens_1qa!$B15) -> 0.10999238 | E15: =abs(pred_Ens_1qa!E15-pred_Ens_1qa!$B15) -> 0.52830465 | F15: =abs(pred_Ens_1qa!F15-pred_Ens_1qa!$B15) -> 0.465795 | H15: =abs(pred_Ens_1qa!H15-pred_Ens_1qa!$B15) -> 0.48178564 | J15: =abs(pred_Ens_1qa!J15-pred_Ens_1qa!$B15) -> 0.427509 | K15: =abs(pred_Ens_1qa!K15-pred_Ens_1qa!$B15) -> 0.50148424 | L15: =abs(pred_Ens_1qa!L15-pred_Ens_1qa!$B15) -> 0.49809753 | AB15: =index($C$1:$AA$1, match(min(C15:AA15),C15:AA15,0)) -> Max | AC15: =min(C15:AA15) -> 0.10999238
A16: 201909 | B16: 0.4 | C16: =abs(pred_Ens_1qa!C16-pred_Ens_1qa!$B16) -> 0.2 | D16: =abs(pred_Ens_1qa!D16-pred_Ens_1qa!$B16) -> 0.65883741 | E16: =abs(pred_Ens_1qa!E16-pred_Ens_1qa!$B16) -> 0.18032634 | F16: =abs(pred_Ens_1qa!F16-pred_Ens_1qa!$B16) -> 0.19059153 | H16: =abs(pred_Ens_1qa!H16-pred_Ens_1qa!$B16) -> 0.18422408 | J16: =abs(pred_Ens_1qa!J16-pred_Ens_1qa!$B16) -> 0.203259 | K16: =abs(pred_Ens_1qa!K16-pred_Ens_1qa!$B16) -> 0.20069969 | L16: =abs(pred_Ens_1qa!L16-pred_Ens_1qa!$B16) -> 0.1936913 | AB16: =index($C$1:$AA$1, match(min(C16:AA16),C16:AA16,0)) -> Avg | AC16: =min(C16:AA16) -> 0.18032634
A17: 201912 | B17: 1.2 | C17: =abs(pred_Ens_1qa!C17-pred_Ens_1qa!$B17) -> 1.025501 | D17: =abs(pred_Ens_1qa!D17-pred_Ens_1qa!$B17) -> 0.58959447 | E17: =abs(pred_Ens_1qa!E17-pred_Ens_1qa!$B17) -> 0.4107062 | F17: =abs(pred_Ens_1qa!F17-pred_Ens_1qa!$B17) -> 0.507693 | H17: =abs(pred_Ens_1qa!H17-pred_Ens_1qa!$B17) -> 0.5 | J17: =abs(pred_Ens_1qa!J17-pred_Ens_1qa!$B17) -> 0.522489 | K17: =abs(pred_Ens_1qa!K17-pred_Ens_1qa!$B17) -> 0.39923068 | L17: =abs(pred_Ens_1qa!L17-pred_Ens_1qa!$B17) -> 0.51487362 | AB17: =index($C$1:$AA$1, match(min(C17:AA17),C17:AA17,0)) -> Adaptive top2 1y | AC17: =min(C17:AA17) -> 0.39923068
A18: 202003 | B18: -1.3 | C18: =abs(pred_Ens_1qa!C18-pred_Ens_1qa!$B18) -> 1.329684 | D18: =abs(pred_Ens_1qa!D18-pred_Ens_1qa!$B18) -> 2.2631467 | E18: =abs(pred_Ens_1qa!E18-pred_Ens_1qa!$B18) -> 1.8636393 | F18: =abs(pred_Ens_1qa!F18-pred_Ens_1qa!$B18) -> 1.849058 | H18: =abs(pred_Ens_1qa!H18-pred_Ens_1qa!$B18) -> 1.709247 | J18: =abs(pred_Ens_1qa!J18-pred_Ens_1qa!$B18) -> 2.2631467 | K18: =abs(pred_Ens_1qa!K18-pred_Ens_1qa!$B18) -> 1.909251 | L18: =abs(pred_Ens_1qa!L18-pred_Ens_1qa!$B18) -> 2.0497236 | AB18: =index($C$1:$AA$1, match(min(C18:AA18),C18:AA18,0)) -> Min | AC18: =min(C18:AA18) -> 1.329684
... A29: 202212 | B29: -0.3 | C29: =abs(pred_Ens_1qa!C29-pred_Ens_1qa!$B29) -> 0.529872 | D29: =abs(pred_Ens_1qa!D29-pred_Ens_1qa!$B29) -> 1.0432371 | E29: =abs(pred_Ens_1qa!E29-pred_Ens_1qa!$B29) -> 0.78372546 | F29: =abs(pred_Ens_1qa!F29-pred_Ens_1qa!$B29) -> 0.791229 | H29: =abs(pred_Ens_1qa!H29-pred_Ens_1qa!$B29) -> 0.529872 | J29: =abs(pred_Ens_1qa!J29-pred_Ens_1qa!$B29) -> 0.75572752 | K29: =abs(pred_Ens_1qa!K29-pred_Ens_1qa!$B29) -> 0.86481132 | L29: =abs(pred_Ens_1qa!L29-pred_Ens_1qa!$B29) -> 0.85215355 | AB29: =index($C$1:$AA$1, match(min(C29:AA29),C29:AA29,0)) -> Min | AC29: =min(C29:AA29) -> 0.529872
A30: 202303 | B30: 0.3 | C30: =abs(pred_Ens_1qa!C30-pred_Ens_1qa!$B30) -> 0.58481035 | D30: =abs(pred_Ens_1qa!D30-pred_Ens_1qa!$B30) -> 0.59374155 | E30: =abs(pred_Ens_1qa!E30-pred_Ens_1qa!$B30) -> 0.08920034 | F30: =abs(pred_Ens_1qa!F30-pred_Ens_1qa!$B30) -> 0.099041 | H30: =abs(pred_Ens_1qa!H30-pred_Ens_1qa!$B30) -> 0.47197
B32: MAE | C32: =AVERAGE(C2:C30) -> 0.85464732 | D32: =AVERAGE(D2:D30) -> 0.75341547 | E32: =AVERAGE(E2:E30) -> 0.56126804 | F32: =AVERAGE(F2:F30) -> 0.54967326 | H32: =AVERAGE(H2:H30) -> 0.68599615 | J32: =AVERAGE(J2:J30) -> 0.65798803 | K32: =AVERAGE(K2:K30) -> 0.59097126 | L32: =AVERAGE(L2:L30) -> 0.59158728 | AC32: =AVERAGE(AC2:AC30) -> 0.22684856
B33: RMSE | C33: =(sumsq(C2:C30)/count(C2:C30))^(0.5) -> 1.1193358 | D33: =(sumsq(D2:D30)/count(D2:D30))^(0.5) -> 1.0640353 | E33: =(sumsq(E2:E30)/count(E2:E30))^(0.5) -> 0.82562823 | F33: =(sumsq(F2:F30)/count(F2:F30))^(0.5) -> 0.83942327 | H33: =(sumsq(H2:H30)/count(H2:H30))^(0.5) -> 0.99605117 | J33: =(sumsq(J2:J30)/count(J2:J30))^(0.5) -> 0.91313427 | K33: =(sumsq(K2:K30)/count(K2:K30))^(0.5) -> 0.83587275 | L33: =(sumsq(L2:L30)/count(L2:L30))^(0.5) -> 0.80582596 | AC33: =(sumsq(AC2:AC30)/count(AC2:AC30))^(0.5) -> 0.35586002
B34: MAX | C34: =MAX(C2:C30) -> 3.73354 | D34: =MAX(D2:D30) -> 3.844391 | E34: =MAX(E2:E30) -> 2.7469007 | F34: =MAX(F2:F30) -> 3.025082 | H34: =MAX(H2:H30) -> 3.7 | J34: =MAX(J2:J30) -> 2.6845481 | K34: =MAX(K2:K30) -> 2.3386586 | L34: =MAX(L2:L30) -> 2.072941 | AC34: =MAX(AC2:AC30) -> 1.329684
B36: MAE | C36: =AVERAGE(C7:C30) -> 0.92763163 | D36: =AVERAGE(D7:D30) -> 0.80035142 | E36: =AVERAGE(E7:E30) -> 0.62401427 | F36: =AVERAGE(F7:F30) -> 0.61275744 | H36: =AVERAGE(H7:H30) -> 0.73497834 | J36: =AVERAGE(J7:J30) -> 0.65798803 | K36: =AVERAGE(K7:K30) -> 0.59097126 | L36: =AVERAGE(L7:L30) -> 0.59158728
B37: RMSE | C37: =(sumsq(C7:C30)/count(C7:C30))^(0.5) -> 1.1881667 | D37: =(sumsq(D7:D30)/count(D7:D30))^(0.5) -> 1.1378804 | E37: =(sumsq(E7:E30)/count(E7:E30))^(0.5) -> 0.89694726 | F37: =(sumsq(F7:F30)/count(F7:F30))^(0.5) -> 0.91281468 | H37: =(sumsq(H7:H30)/count(H7:H30))^(0.5) -> 1.0442353 | J37: =(sumsq(J7:J30)/count(J7:J30))^(0.5) -> 0.91313427 | K37: =(sumsq(K7:K30)/count(K7:K30))^(0.5) -> 0.83587275 | L37: =(sumsq(L7:L30)/count(L7:L30))^(0.5) -> 0.80582596
B38: MAX | C38: =MAX(C7:C30) -> 3.73354 | D38: =MAX(D7:D30) -> 3.844391 | E38: =MAX(E7:E30) -> 2.7469007 | F38: =MAX(F7:F30) -> 3.025082 | H38: =MAX(H7:H30) -> 3.7 | J38: =MAX(J7:J30) -> 2.6845481 | K38: =MAX(K7:K30) -> 2.3386586 | L38: =MAX(L7:L30) -> 2.072941

Sheet Ens_1qa작업
B1: GDP(SA) True | C1: DFM | D1: BEM1 | E1: BEM2 | F1: BEM3 | H1: LBVAR | I1: TFM | J1: T-M | K1: VAR | L1: SVR-KNN | M1: CRNN | O1: RF-DVS | P1: S-XGB | Q1: LQR | R1: OptimARIMA | AA1: TEXT | AB1: MIN_item | AC1: MIN
A2: 201603 | B2: 0.3
A3: 201606 | B3: 1.2
A4: 201609 | B4: 0.4
A5: 201612 | B5: 0.6
A6: 201703 | B6: 1 | C6: =average(err_GDP_1qa!C2:C5) -> 0.36073684 | D6: =average(err_GDP_1qa!D2:D5) -> 0.23589967 | E6: =average(err_GDP_1qa!E2:E5) -> 0.27755067 | F6: =average(err_GDP_1qa!F2:F5) -> 0.37309726 | I6: =average(err_GDP_1qa!I2:I5) -> 0.27101381 | J6: =average(err_GDP_1qa!J2:J5) -> 0.25666644 | K6: =average(err_GDP_1qa!K2:K5) -> 0.53635867 | L6: =average(err_GDP_1qa!L2:L5) -> 0.17936799 | O6: =average(err_GDP_1qa!O2:O5) -> 0.16188968 | P6: =average(err_GDP_1qa!P2:P5) -> 0.49240671 | Q6: =average(err_GDP_1qa!Q2:Q5) -> 0.28969533 | AA6: =average(err_GDP_1qa!AA2:AA5) -> 0.40706008 | AB6: =index($C$1:$AA$1, match(min(C6:AA6),C6:AA6,0)) -> RF-DVS | AC6: =min(C6:AA6) -> 0.16188968
A7: 201706 | B7: 0.8 | C7: =average(err_GDP_1qa!C3:C6) -> 0.2929662 | D7: =average(err_GDP_1qa!D3:D6) -> 0.1979025 | E7: =average(err_GDP_1qa!E3:E6) -> 0.2387915 | F7: =average(err_GDP_1qa!F3:F6) -> 0.33337217 | I7: =average(err_GDP_1qa!I3:I6) -> 0.28902885 | J7: =average(err_GDP_1qa!J3:J6) -> 0.21708787 | K7: =average(err_GDP_1qa!K3:K6) -> 0.62553925 | L7: =average(err_GDP_1qa!L3:L6) -> 0.33856674 | O7: =average(err_GDP_1qa!O3:O6) -> 0.20201089 | P7: =average(err_GDP_1qa!P3:P6) -> 0.42986058 | Q7: =average(err_GDP_1qa!Q3:Q6) -> 0.22091625 | AA7: =average(err_GDP_1qa!AA3:AA6) -> 0.41429104 | AB7: =index($C$1:$AA$1, match(min(C7:AA7),C7:AA7,0)) -> BEM1 | AC7: =min(C7:AA7) -> 0.1979025
A8: 201709 | B8: 1.4 | C8: =average(err_GDP_1qa!C4:C7) -> 0.14652959 | D8: =average(err_GDP_1qa!D4:D7) -> 0.15090375 | E8: =average(err_GDP_1qa!E4:E7) -> 0.17850975 | F8: =average(err_GDP_1qa!F4:F7) -> 0.1501791 | I8: =average(err_GDP_1qa!I4:I7) -> 0.32070648 | J8: =average(err_GDP_1qa!J4:J7) -> 0.23401443 | K8: =average(err_GDP_1qa!K4:K7) -> 0.41516725 | L8: =average(err_GDP_1qa!L4:L7) -> 0.54207362 | O8: =average(err_GDP_1qa!O4:O7) -> 0.19722325 | P8: =average(err_GDP_1qa!P4:P7) -> 0.45633672 | Q8: =average(err_GDP_1qa!Q4:Q7) -> 0.08875475 | AA8: =average(err_GDP_1qa!AA4:AA7) -> 0.41157137 | AB8: =index($C$1:$AA$1, match(min(C8:AA8),C8:AA8,0)) -> LQR | AC8: =min(C8:AA8) -> 0.08875475
A9: 201712 | B9: -0.3 | C9: =average(err_GDP_1qa!C5:C8) -> 0.16916537 | D9: =average(err_GDP_1qa!D5:D8) -> 0.36260025 | E9: =average(err_GDP_1qa!E5:E8) -> 0.40604325 | F9: =average(err_GDP_1qa!F5:F8) -> 0.21005942 | I9: =average(err_GDP_1qa!I5:I8) -> 0.36268767 | J9: =average(err_GDP_1qa!J5:J8) -> 0.28304232 | K9: =average(err_GDP_1qa!K5:K8) -> 0.7303865 | L9: =average(err_GDP_1qa!L5:L8) -> 0.80448305 | O9: =average(err_GDP_1qa!O5:O8) -> 0.43268972 | P9: =average(err_GDP_1qa!P5:P8) -> 0.39487609 | Q9: =average(err_GDP_1qa!Q5:Q8) -> 0.155359 | AA9: =average(err_GDP_1qa!AA5:AA8) -> 0.30217611 | AB9: =index($C$1:$AA$1, match(min(C9:AA9),C9:AA9,0)) -> LQR | AC9: =min(C9:AA9) -> 0.155359
A10: 201803 | B10: 1.3 | C10: =average(err_GDP_1qa!C6:C9) -> 0.48311217 | D10: =average(err_GDP_1qa!D6:D9) -> 0.540306 | E10: =average(err_GDP_1qa!E6:E9) -> 0.54651375 | F10: =average(err_GDP_1qa!F6:F9) -> 0.37450435 | I10: =average(err_GDP_1qa!I6:I9) -> 0.67288401 | J10: =average(err_GDP_1qa!J6:J9) -> 0.60503452 | K10: =average(err_GDP_1qa!K6:K9) -> 0.73645975 | L10: =average(err_GDP_1qa!L6:L9) -> 0.96262131 | O10: =average(err_GDP_1qa!O6:O9) -> 0.61745426 | P10: =average(err_GDP_1qa!P6:P9) -> 0.62010927 | Q10: =average(err_GDP_1qa!Q6:Q9) -> 0.4350035 | AA10: =average(err_GDP_1qa!AA6:AA9) -> 0.43362143 | AB10: =index($C$1:$AA$1, match(min(C10:AA10),C10:AA10,0)) -> BEM3 | AC10: =min(C10:AA10) -> 0.37450435
A11: 201806 | B11: 0.7 | C11: =average(err_GDP_1qa!C7:C10) -> 0.55447141 | D11: =average(err_GDP_1qa!D7:D10) -> 0.676974 | E11: =average(err_GDP_1qa!E7:E10) -> 0.68740025 | F11: =average(err_GDP_1qa!F7:F10) -> 0.40312235 | I11: =average(err_GDP_1qa!I7:I10) -> 0.70269922 | J11: =average(err_GDP_1qa!J7:J10) -> 0.70617602 | K11: =average(err_GDP_1qa!K7:K10) -> 0.78657525 | L11: =average(err_GDP_1qa!L7:L10) -> 0.92569987 | O11: =average(err_GDP_1qa!O7:O10) -> 0.69528223 | P11: =average(err_GDP_1qa!P7:P10) -> 0.66630121 | Q11: =average(err_GDP_1qa!Q7:Q10) -> 0.6191635 | AA11: =average(err_GDP_1qa!AA7:AA10) -> 0.52089629 | AB11: =index($C$1:$AA$1, match(min(C11:AA11),C11:AA11,0)) -> BEM3 | AC11: =min(C11:AA11) -> 0.40312235
A12: 201809 | B12: 0.6 | C12: =average(err_GDP_1qa!C8:C11) -> 0.5536327 | D12: =average(err_GDP_1qa!D8:D11) -> 0.59705675 | E12: =average(err_GDP_1qa!E8:E11) -> 0.612173 | F12: =average(err_GDP_1qa!F8:F11) -> 0.43488208 | I12: =average(err_GDP_1qa!I8:I11) -> 0.73210467 | J12: =average(err_GDP_1qa!J8:J11) -> 0.68757035 | K12: =average(err_GDP_1qa!K8:K11) -> 0.79537075 | L12: =average(err_GDP_1qa!L8:L11) -> 0.69111155 | O12: =average(err_GDP_1qa!O8:O11) -> 0.62919029 | P12: =average(err_GDP_1qa!P8:P11) -> 0.63657894 | Q12: =average(err_GDP_1qa!Q8:Q11) -> 0.622939 | AA12: =average(err_GDP_1qa!AA8:AA11) -> 0.6149266 | AB12: =index($C$1:$AA$1, match(min(C12:AA12),C12:AA12,0)) -> BEM3 | AC12: =min(C12:AA12) -> 0.43488208
A13: 201812 | B13: 0.6 | C13: =average(err_GDP_1qa!C9:C12) -> 0.54621124 | D13: =average(err_GDP_1qa!D9:D12) -> 0.374166 | E13: =average(err_GDP_1qa!E9:E12) -> 0.38308425 | F13: =average(err_GDP_1qa!F9:F12) -> 0.36214792 | I13: =average(err_GDP_1qa!I9:I12) -> 0.69742906 | J13: =average(err_GDP_1qa!J9:J12) -> 0.59746692 | K13: =average(err_GDP_1qa!K9:K12) -> 0.57705 | L13: =average(err_GDP_1qa!L9:L12) -> 0.41334574 | O13: =average(err_GDP_1qa!O9:O12) -> 0.39749361 | P13: =average(err_GDP_1qa!P9:P12) -> 0.72971585 | Q13: =average(err_GDP_1qa!Q9:Q12) -> 0.48601075 | AA13: =average(err_GDP_1qa!AA9:AA12) -> 0.66497774 | AB13: =index($C$1:$AA$1, match(min(C13:AA13),C13:AA13,0)) -> BEM3 | AC13: =min(C13:AA13) -> 0.36214792
A14: 201903 | B14: -0.1 | C14: =average(err_GDP_1qa!C10:C13) -> 0.24259902 | D14: =average(err_GDP_1qa!D10:D13) -> 0.18589375 | E14: =average(err_GDP_1qa!E10:E13) -> 0.2306785 | F14: =average(err_GDP_1qa!F10:F13) -> 0.19429819 | I14: =average(err_GDP_1qa!I10:I13) -> 0.4426811 | J14: =average(err_GDP_1qa!J10:J13) -> 0.27868216 | K14: =average(err_GDP_1qa!K10:K13) -> 0.60722725 | L14: =average(err_GDP_1qa!L10:L13) -> 0.26665833 | O14: =average(err_GDP_1qa!O10:O13) -> 0.21667454 | P14: =average(err_GDP_1qa!P10:P13) -> 0.43045962 | Q14: =average(err_GDP_1qa!Q10:Q13) -> 0.29117975 | AA14: =average(err_GDP_1qa!AA10:AA13) -> 0.56487635 | AB14: =index($C$1:$AA$1, match(min(C14:AA14),C14:AA14,0)) -> BEM1 | AC14: =min(C14:AA14) -> 0.18589375
A15: 201906 | B15: 1.1 | C15: =average(err_GDP_1qa!C11:C14) -> 0.3182665 | D15: =average(err_GDP_1qa!D11:D14) -> 0.1520215 | E15: =average(err_GDP_1qa!E11:E14) -> 0.16756525 | F15: =average(err_GDP_1qa!F11:F14) -> 0.19951361 | I15: =average(err_GDP_1qa!I11:I14) -> 0.49264861 | J15: =average(err_GDP_1qa!J11:J14) -> 0.33092301 | K15: =average(err_GDP_1qa!K11:K14) -> 0.3562665 | L15: =average(err_GDP_1qa!L11:L14) -> 0.20577332 | O15: =average(err_GDP_1qa!O11:O14) -> 0.25557526 | P15: =average(err_GDP_1qa!P11:P14) -> 0.50336862 | Q15: =average(err_GDP_1qa!Q11:Q14) -> 0.29398225 | AA15: =average(err_GDP_1qa!AA11:AA14) -> 0.43970417 | AB15: =index($C$1:$AA$1, match(min(C15:AA15),C15:AA15,0)) -> BEM1 | AC15: =min(C15:AA15) -> 0.1520215
A16: 201909 | B16: 0.4 | C16: =average(err_GDP_1qa!C12:C15) -> 0.43284311 | D16: =average(err_GDP_1qa!D12:D15) -> 0.25624875 | E16: =average(err_GDP_1qa!E12:E15) -> 0.271792 | F16: =average(err_GDP_1qa!F12:F15) -> 0.32606415 | I16: =average(err_GDP_1qa!I12:I15) -> 0.433488 | J16: =average(err_GDP_1qa!J12:J15) -> 0.30685932 | K16: =average(err_GDP_1qa!K12:K15) -> 0.5968305 | L16: =average(err_GDP_1qa!L12:L15) -> 0.27128074 | O16: =average(err_GDP_1qa!O12:O15) -> 0.31804394 | P16: =average(err_GDP_1qa!P12:P15) -> 0.53218235 | Q16: =average(err_GDP_1qa!Q12:Q15) -> 0.5284145 | AA16: =average(err_GDP_1qa!AA12:AA15) -> 0.52642632 | AB16: =index($C$1:$AA$1, match(min(C16:AA16),C16:AA16,0)) -> BEM1 | AC16: =min(C16:AA16) -> 0.25624875
A17: 201912 | B17: 1.2 | C17: =average(err_GDP_1qa!C13:C16) -> 0.33891331 | D17: =average(err_GDP_1qa!D13:D16) -> 0.30513125 | E17: =average(err_GDP_1qa!E13:E16) -> 0.312735 | F17: =average(err_GDP_1qa!F13:F16) -> 0.32200541 | I17: =average(err_GDP_1qa!I13:I16) -> 0.28156009 | J17: =average(err_GDP_1qa!J13:J16) -> 0.27371011 | K17: =average(err_GDP_1qa!K13:K16) -> 0.505848 | L17: =average(err_GDP_1qa!L13:L16) -> 0.30678376 | O17: =average(err_GDP_1qa!O13:O16) -> 0.372376 | P17: =average(err_GDP_1qa!P13:P16) -> 0.48145292 | Q17: =average(err_GDP_1qa!Q13:Q16) -> 0.593197 | AA17: =average(err_GDP_1qa!AA13:AA16) -> 0.45248713 | AB17: =index($C$1:$AA$1, match(min(C17:AA17),C17:AA17,0)) -> T-M | AC17: =min(C17:AA17) -> 0.27371011
... A29: 202212 | B29: -0.3 | C29: =average(err_GDP_1qa!C25:C28) -> 0.51124564 | D29: =average(err_GDP_1qa!D25:D28) -> 0.5056575 | E29: =average(err_GDP_1qa!E25:E28) -> 0.558208 | F29: =average(err_GDP_1qa!F25:F28) -> 0.3400847 | I29: =average(err_GDP_1qa!I25:I28) -> 0.36663047 | J29: =average(err_GDP_1qa!J25:J28) -> 0.26140794 | K29: =average(err_GDP_1qa!K25:K28) -> 0.44996175 | L29: =average(err_GDP_1qa!L25:L28) -> 0.5817095 | O29: =average(err_GDP_1qa!O25:O28) -> 0.50106377 | P29: =average(err_GDP_1qa!P25:P28) -> 0.3080524 | Q29: =average(err_GDP_1qa!Q25:Q28) -> 0.396795 | AA29: =average(err_GDP_1qa!AA25:AA28) -> 0.4778575 | AB29: =index($C$1:$AA$1, match(min(C29:AA29),C29:AA29,0)) -> T-M | AC29: =min(C29:AA29) -> 0.26140794
A30: 202303 | B30: 0.3 | C30: =average(err_GDP_1qa!C26:C29) -> 0.73936281 | D30: =average(err_GDP_1qa!D26:D29) -> 0.38099075 | E30: =average(err_GDP_1qa!E26:E29) -> 0.40520825 | F30: =average(err_GDP_1qa!F26:F29) -> 0.25782354 | I30: =average(err_GDP_1qa!I26:I29) -> 0.23217994 | J30: =average(err_GDP_1qa!J26:J29) -> 0.24992106 | K30: =average(err_GDP_1qa!K26:K29) -> 0.25902925 | L30: =average(err_GDP_1qa!L26:L29) -> 0.55328543 | O30: =average(err_GDP_1qa!O26:O29) -> 0.56852027 | P30: =average(err_GDP_1qa!P26:P29) -> 0.33910148 | Q30: =average(err_GDP_1qa!Q26:Q29) -> 0.43104275 | AA30: =average(err_GDP_1qa!AA26:AA29) -> 0.40493052
B32: MAE | C32: =AVERAGE(C2:C30) -> 0.76304302 | D32: =AVERAGE(D2:D30) -> 0.62467622 | E32: =AVERAGE(E2:E30) -> 0.63715536 | F32: =AVERAGE(F2:F30) -> 0.66373605 | I32: =AVERAGE(I2:I30) -> 0.60821593 | J32: =AVERAGE(J2:J30) -> 0.56178891 | K32: =AVERAGE(K2:K30) -> 0.83363286 | L32: =AVERAGE(L2:L30) -> 0.6385585 | O32: =AVERAGE(O2:O30) -> 0.67124401 | P32: =AVERAGE(P2:P30) -> 0.58385039 | Q32: =AVERAGE(Q2:Q30) -> 0.70022355 | AA32: =AVERAGE(AA2:AA30) -> 2.0413152 | AC32: =AVERAGE(AC2:AC30) -> 0.41224545
B33: RMSE | C33: =(sumsq(C2:C30)/count(C2:C30))^(0.5) -> 0.97121461 | D33: =(sumsq(D2:D30)/count(D2:D30))^(0.5) -> 0.76132755 | E33: =(sumsq(E2:E30)/count(E2:E30))^(0.5) -> 0.76291601 | F33: =(sumsq(F2:F30)/count(F2:F30))^(0.5) -> 0.8903806 | I33: =(sumsq(I2:I30)/count(I2:I30))^(0.5) -> 0.6742433 | J33: =(sumsq(J2:J30)/count(J2:J30))^(0.5) -> 0.67308475 | K33: =(sumsq(K2:K30)/count(K2:K30))^(0.5) -> 0.99221754 | L33: =(sumsq(L2:L30)/count(L2:L30))^(0.5) -> 0.70325895 | O33: =(sumsq(O2:O30)/count(O2:O30))^(0.5) -> 0.83055863 | P33: =(sumsq(P2:P30)/count(P2:P30))^(0.5) -> 0.6104392 | Q33: =(sumsq(Q2:Q30)/count(Q2:Q30))^(0.5) -> 0.9003283 | AA33: =(sumsq(AA2:AA30)/count(AA2:AA30))^(0.5) -> 3.9224594 | AC33: =(sumsq(AC2:AC30)/count(AC2:AC30))^(0.5) -> 0.4789808
B34: MAX | C34: =MAX(C2:C30) -> 2.3005441 | D34: =MAX(D2:D30) -> 1.5708328 | E34: =MAX(E2:E30) -> 1.586206 | F34: =MAX(F2:F30) -> 2.2282478 | I34: =MAX(I2:I30) -> 1.3364722 | J34: =MAX(J2:J30) -> 1.4844948 | K34: =MAX(K2:K30) -> 2.2784517 | L34: =MAX(L2:L30) -> 1.1814027 | O34: =MAX(O2:O30) -> 1.8721588 | P34: =MAX(P2:P30) -> 0.97664042 | Q34: =MAX(Q2:Q30) -> 2.0759855 | AA34: =MAX(AA2:AA30) -> 10.113404 | AC34: =MAX(AC2:AC30) -> 0.97664042

Sheet Ens_1qa작업2
B1: GDP(SA) True | C1: DFM | D1: BEM1 | E1: BEM2 | F1: BEM3 | H1: LBVAR | I1: TFM | J1: T-M | K1: VAR | L1: SVR-KNN | M1: CRNN | O1: RF-DVS | P1: S-XGB | Q1: LQR | R1: OptimARIMA | AA1: TEXT | AB1: MIN_item | AC1: MIN
A2: 201603 | B2: 0.3
A3: 201606 | B3: 1.2
A4: 201609 | B4: 0.4
A5: 201612 | B5: 0.6
A6: 201703 | B6: 1 | AB6: =index($C$1:$AA$1, match(min(C6:AA6),C6:AA6,0)) -> #N/A | AC6: =min(C6:AA6) -> 0
A7: 201706 | B7: 0.8 | C7: =if(rank('Ens_1qa작업'!C6,'Ens_1qa작업'!$C6:$Z6,1)<=5,pred_GDP_1qa!C7,"") | D7: =if(rank('Ens_1qa작업'!D6,'Ens_1qa작업'!$C6:$Z6,1)<=5,pred_GDP_1qa!D7,"") -> 0.469731 | E7: =if(rank('Ens_1qa작업'!E6,'Ens_1qa작업'!$C6:$Z6,1)<=5,pred_GDP_1qa!E7,"") | F7: =if(rank('Ens_1qa작업'!F6,'Ens_1qa작업'!$C6:$Z6,1)<=5,pred_GDP_1qa!F7,"") | I7: =if(rank('Ens_1qa작업'!I6,'Ens_1qa작업'!$C6:$Z6,1)<=5,pred_GDP_1qa!I7,"") -> 1.048354 | J7: =if(rank('Ens_1qa작업'!J6,'Ens_1qa작업'!$C6:$Z6,1)<=5,pred_GDP_1qa!J7,"") -> 1.0806698 | K7: =if(rank('Ens_1qa작업'!K6,'Ens_1qa작업'!$C6:$Z6,1)<=5,pred_GDP_1qa!K7,"") | L7: =if(rank('Ens_1qa작업'!L6,'Ens_1qa작업'!$C6:$Z6,1)<=5,pred_GDP_1qa!L7,"") -> -0.35810922 | O7: =if(rank('Ens_1qa작업'!O6,'Ens_1qa작업'!$C6:$Z6,1)<=5,pred_GDP_1qa!O7,"") -> 0.40988534 | P7: =if(rank('Ens_1qa작업'!P6,'Ens_1qa작업'!$C6:$Z6,1)<=5,pred_GDP_1qa!P7,"") | Q7: =if(rank('Ens_1qa작업'!Q6,'Ens_1qa작업'!$C6:$Z6,1)<=5,pred_GDP_1qa!Q7,"") | AB7: =index($C$1:$AA$1, match(min(C7:AA7),C7:AA7,0)) -> SVR-KNN | AC7: =min(C7:AA7) -> -0.35810922
A8: 201709 | B8: 1.4 | C8: =if(rank('Ens_1qa작업'!C7,'Ens_1qa작업'!$C7:$Z7,1)<=5,pred_GDP_1qa!C8,"") | D8: =if(rank('Ens_1qa작업'!D7,'Ens_1qa작업'!$C7:$Z7,1)<=5,pred_GDP_1qa!D8,"") -> 0.500708 | E8: =if(rank('Ens_1qa작업'!E7,'Ens_1qa작업'!$C7:$Z7,1)<=5,pred_GDP_1qa!E8,"") -> 0.449075 | F8: =if(rank('Ens_1qa작업'!F7,'Ens_1qa작업'!$C7:$Z7,1)<=5,pred_GDP_1qa!F8,"") | I8: =if(rank('Ens_1qa작업'!I7,'Ens_1qa작업'!$C7:$Z7,1)<=5,pred_GDP_1qa!I8,"") | J8: =if(rank('Ens_1qa작업'!J7,'Ens_1qa작업'!$C7:$Z7,1)<=5,pred_GDP_1qa!J8,"") -> 0.7163979 | K8: =if(rank('Ens_1qa작업'!K7,'Ens_1qa작업'!$C7:$Z7,1)<=5,pred_GDP_1qa!K8,"") | L8: =if(rank('Ens_1qa작업'!L7,'Ens_1qa작업'!$C7:$Z7,1)<=5,pred_GDP_1qa!L8,"") | O8: =if(rank('Ens_1qa작업'!O7,'Ens_1qa작업'!$C7:$Z7,1)<=5,pred_GDP_1qa!O8,"") -> 0.45234102 | P8: =if(rank('Ens_1qa작업'!P7,'Ens_1qa작업'!$C7:$Z7,1)<=5,pred_GDP_1qa!P8,"") | Q8: =if(rank('Ens_1qa작업'!Q7,'Ens_1qa작업'!$C7:$Z7,1)<=5,pred_GDP_1qa!Q8,"") -> 0.84539 | AB8: =index($C$1:$AA$1, match(min(C8:AA8),C8:AA8,0)) -> BEM2 | AC8: =min(C8:AA8) -> 0.449075
A9: 201712 | B9: -0.3 | C9: =if(rank('Ens_1qa작업'!C8,'Ens_1qa작업'!$C8:$Z8,1)<=5,pred_GDP_1qa!C9,"") -> 0.97254494 | D9: =if(rank('Ens_1qa작업'!D8,'Ens_1qa작업'!$C8:$Z8,1)<=5,pred_GDP_1qa!D9,"") -> 0.547752 | E9: =if(rank('Ens_1qa작업'!E8,'Ens_1qa작업'!$C8:$Z8,1)<=5,pred_GDP_1qa!E9,"") -> 0.462819 | F9: =if(rank('Ens_1qa작업'!F8,'Ens_1qa작업'!$C8:$Z8,1)<=5,pred_GDP_1qa!F9,"") -> 0.43925516 | I9: =if(rank('Ens_1qa작업'!I8,'Ens_1qa작업'!$C8:$Z8,1)<=5,pred_GDP_1qa!I9,"") | J9: =if(rank('Ens_1qa작업'!J8,'Ens_1qa작업'!$C8:$Z8,1)<=5,pred_GDP_1qa!J9,"") | K9: =if(rank('Ens_1qa작업'!K8,'Ens_1qa작업'!$C8:$Z8,1)<=5,pred_GDP_1qa!K9,"") | L9: =if(rank('Ens_1qa작업'!L8,'Ens_1qa작업'!$C8:$Z8,1)<=5,pred_GDP_1qa!L9,"") | O9: =if(rank('Ens_1qa작업'!O8,'Ens_1qa작업'!$C8:$Z8,1)<=5,pred_GDP_1qa!O9,"") | P9: =if(rank('Ens_1qa작업'!P8,'Ens_1qa작업'!$C8:$Z8,1)<=5,pred_GDP_1qa!P9,"") | Q9: =if(rank('Ens_1qa작업'!Q8,'Ens_1qa작업'!$C8:$Z8,1)<=5,pred_GDP_1qa!Q9,"") -> 0.849378 | AB9: =index($C$1:$AA$1, match(min(C9:AA9),C9:AA9,0)) -> BEM3 | AC9: =min(C9:AA9) -> 0.43925516
A10: 201803 | B10: 1.3 | C10: =if(rank('Ens_1qa작업'!C9,'Ens_1qa작업'!$C9:$Z9,1)<=5,pred_GDP_1qa!C10,"") -> 0.92490877 | D10: =if(rank('Ens_1qa작업'!D9,'Ens_1qa작업'!$C9:$Z9,1)<=5,pred_GDP_1qa!D10,"") -> 0.669417 | E10: =if(rank('Ens_1qa작업'!E9,'Ens_1qa작업'!$C9:$Z9,1)<=5,pred_GDP_1qa!E10,"") | F10: =if(rank('Ens_1qa작업'!F9,'Ens_1qa작업'!$C9:$Z9,1)<=5,pred_GDP_1qa!F10,"") -> 0.97133115 | I10: =if(rank('Ens_1qa작업'!I9,'Ens_1qa작업'!$C9:$Z9,1)<=5,pred_GDP_1qa!I10,"") | J10: =if(rank('Ens_1qa작업'!J9,'Ens_1qa작업'!$C9:$Z9,1)<=5,pred_GDP_1qa!J10,"") -> 0.79708186 | K10: =if(rank('Ens_1qa작업'!K9,'Ens_1qa작업'!$C9:$Z9,1)<=5,pred_GDP_1qa!K10,"") | L10: =if(rank('Ens_1qa작업'!L9,'Ens_1qa작업'!$C9:$Z9,1)<=5,pred_GDP_1qa!L10,"") | O10: =if(rank('Ens_1qa작업'!O9,'Ens_1qa작업'!$C9:$Z9,1)<=5,pred_GDP_1qa!O10,"") | P10: =if(rank('Ens_1qa작업'!P9,'Ens_1qa작업'!$C9:$Z9,1)<=5,pred_GDP_1qa!P10,"") | Q10: =if(rank('Ens_1qa작업'!Q9,'Ens_1qa작업'!$C9:$Z9,1)<=5,pred_GDP_1qa!Q10,"") -> 0.548781 | AB10: =index($C$1:$AA$1, match(min(C10:AA10),C10:AA10,0)) -> LQR | AC10: =min(C10:AA10) -> 0.548781
A11: 201806 | B11: 0.7 | C11: =if(rank('Ens_1qa작업'!C10,'Ens_1qa작업'!$C10:$Z10,1)<=5,pred_GDP_1qa!C11,"") -> 0.61097282 | D11: =if(rank('Ens_1qa작업'!D10,'Ens_1qa작업'!$C10:$Z10,1)<=5,pred_GDP_1qa!D11,"") -> 0.6894 | E11: =if(rank('Ens_1qa작업'!E10,'Ens_1qa작업'!$C10:$Z10,1)<=5,pred_GDP_1qa!E11,"") -> 0.651112 | F11: =if(rank('Ens_1qa작업'!F10,'Ens_1qa작업'!$C10:$Z10,1)<=5,pred_GDP_1qa!F11,"") -> 0.5150402 | I11: =if(rank('Ens_1qa작업'!I10,'Ens_1qa작업'!$C10:$Z10,1)<=5,pred_GDP_1qa!I11,"") | J11: =if(rank('Ens_1qa작업'!J10,'Ens_1qa작업'!$C10:$Z10,1)<=5,pred_GDP_1qa!J11,"") | K11: =if(rank('Ens_1qa작업'!K10,'Ens_1qa작업'!$C10:$Z10,1)<=5,pred_GDP_1qa!K11,"") | L11: =if(rank('Ens_1qa작업'!L10,'Ens_1qa작업'!$C10:$Z10,1)<=5,pred_GDP_1qa!L11,"") | O11: =if(rank('Ens_1qa작업'!O10,'Ens_1qa작업'!$C10:$Z10,1)<=5,pred_GDP_1qa!O11,"") | P11: =if(rank('Ens_1qa작업'!P10,'Ens_1qa작업'!$C10:$Z10,1)<=5,pred_GDP_1qa!P11,"") | Q11: =if(rank('Ens_1qa작업'!Q10,'Ens_1qa작업'!$C10:$Z10,1)<=5,pred_GDP_1qa!Q11,"") -> 0.663451 | AB11: =index($C$1:$AA$1, match(min(C11:AA11),C11:AA11,0)) -> BEM3 | AC11: =min(C11:AA11) -> 0.5150402
A12: 201809 | B12: 0.6 | C12: =if(rank('Ens_1qa작업'!C11,'Ens_1qa작업'!$C11:$Z11,1)<=5,pred_GDP_1qa!C12,"") -> 1.0481816 | D12: =if(rank('Ens_1qa작업'!D11,'Ens_1qa작업'!$C11:$Z11,1)<=5,pred_GDP_1qa!D12,"") -> 0.607729 | E12: =if(rank('Ens_1qa작업'!E11,'Ens_1qa작업'!$C11:$Z11,1)<=5,pred_GDP_1qa!E12,"") | F12: =if(rank('Ens_1qa작업'!F11,'Ens_1qa작업'!$C11:$Z11,1)<=5,pred_GDP_1qa!F12,"") -> 0.79570786 | I12: =if(rank('Ens_1qa작업'!I11,'Ens_1qa작업'!$C11:$Z11,1)<=5,pred_GDP_1qa!I12,"") | J12: =if(rank('Ens_1qa작업'!J11,'Ens_1qa작업'!$C11:$Z11,1)<=5,pred_GDP_1qa!J12,"") | K12: =if(rank('Ens_1qa작업'!K11,'Ens_1qa작업'!$C11:$Z11,1)<=5,pred_GDP_1qa!K12,"") | L12: =if(rank('Ens_1qa작업'!L11,'Ens_1qa작업'!$C11:$Z11,1)<=5,pred_GDP_1qa!L12,"") | O12: =if(rank('Ens_1qa작업'!O11,'Ens_1qa작업'!$C11:$Z11,1)<=5,pred_GDP_1qa!O12,"") | P12: =if(rank('Ens_1qa작업'!P11,'Ens_1qa작업'!$C11:$Z11,1)<=5,pred_GDP_1qa!P12,"") -> 1.4617552 | Q12: =if(rank('Ens_1qa작업'!Q11,'Ens_1qa작업'!$C11:$Z11,1)<=5,pred_GDP_1qa!Q12,"") -> 0.606897 | AB12: =index($C$1:$AA$1, match(min(C12:AA12),C12:AA12,0)) -> LQR | AC12: =min(C12:AA12) -> 0.606897
A13: 201812 | B13: 0.6 | C13: =if(rank('Ens_1qa작업'!C12,'Ens_1qa작업'!$C12:$Z12,1)<=5,pred_GDP_1qa!C13,"") -> 0.54190395 | D13: =if(rank('Ens_1qa작업'!D12,'Ens_1qa작업'!$C12:$Z12,1)<=5,pred_GDP_1qa!D13,"") -> 0.505337 | E13: =if(rank('Ens_1qa작업'!E12,'Ens_1qa작업'!$C12:$Z12,1)<=5,pred_GDP_1qa!E13,"") -> 0.446804 | F13: =if(rank('Ens_1qa작업'!F12,'Ens_1qa작업'!$C12:$Z12,1)<=5,pred_GDP_1qa!F13,"") -> 0.53214375 | I13: =if(rank('Ens_1qa작업'!I12,'Ens_1qa작업'!$C12:$Z12,1)<=5,pred_GDP_1qa!I13,"") | J13: =if(rank('Ens_1qa작업'!J12,'Ens_1qa작업'!$C12:$Z12,1)<=5,pred_GDP_1qa!J13,"") | K13: =if(rank('Ens_1qa작업'!K12,'Ens_1qa작업'!$C12:$Z12,1)<=5,pred_GDP_1qa!K13,"") | L13: =if(rank('Ens_1qa작업'!L12,'Ens_1qa작업'!$C12:$Z12,1)<=5,pred_GDP_1qa!L13,"") | O13: =if(rank('Ens_1qa작업'!O12,'Ens_1qa작업'!$C12:$Z12,1)<=5,pred_GDP_1qa!O13,"") | P13: =if(rank('Ens_1qa작업'!P12,'Ens_1qa작업'!$C12:$Z12,1)<=5,pred_GDP_1qa!P13,"") | Q13: =if(rank('Ens_1qa작업'!Q12,'Ens_1qa작업'!$C12:$Z12,1)<=5,pred_GDP_1qa!Q13,"") -> 0.970054 | AB13: =index($C$1:$AA$1, match(min(C13:AA13),C13:AA13,0)) -> BEM2 | AC13: =min(C13:AA13) -> 0.446804
A14: 201903 | B14: -0.1 | C14: =if(rank('Ens_1qa작업'!C13,'Ens_1qa작업'!$C13:$Z13,1)<=5,pred_GDP_1qa!C14,"") | D14: =if(rank('Ens_1qa작업'!D13,'Ens_1qa작업'!$C13:$Z13,1)<=5,pred_GDP_1qa!D14,"") -> 0.395094 | E14: =if(rank('Ens_1qa작업'!E13,'Ens_1qa작업'!$C13:$Z13,1)<=5,pred_GDP_1qa!E14,"") -> 0.333607 | F14: =if(rank('Ens_1qa작업'!F13,'Ens_1qa작업'!$C13:$Z13,1)<=5,pred_GDP_1qa!F14,"") -> 0.24953052 | I14: =if(rank('Ens_1qa작업'!I13,'Ens_1qa작업'!$C13:$Z13,1)<=5,pred_GDP_1qa!I14,"") | J14: =if(rank('Ens_1qa작업'!J13,'Ens_1qa작업'!$C13:$Z13,1)<=5,pred_GDP_1qa!J14,"") | K14: =if(rank('Ens_1qa작업'!K13,'Ens_1qa작업'!$C13:$Z13,1)<=5,pred_GDP_1qa!K14,"") | L14: =if(rank('Ens_1qa작업'!L13,'Ens_1qa작업'!$C13:$Z13,1)<=5,pred_GDP_1qa!L14,"") -> -0.52493723 | O14: =if(rank('Ens_1qa작업'!O13,'Ens_1qa작업'!$C13:$Z13,1)<=5,pred_GDP_1qa!O14,"") -> 0.68928929 | P14: =if(rank('Ens_1qa작업'!P13,'Ens_1qa작업'!$C13:$Z13,1)<=5,pred_GDP_1qa!P14,"") | Q14: =if(rank('Ens_1qa작업'!Q13,'Ens_1qa작업'!$C13:$Z13,1)<=5,pred_GDP_1qa!Q14,"") | AB14: =index($C$1:$AA$1, match(min(C14:AA14),C14:AA14,0)) -> SVR-KNN | AC14: =min(C14:AA14) -> -0.52493723
A15: 201906 | B15: 1.1 | C15: =if(rank('Ens_1qa작업'!C14,'Ens_1qa작업'!$C14:$Z14,1)<=5,pred_GDP_1qa!C15,"") -> 0.55266637 | D15: =if(rank('Ens_1qa작업'!D14,'Ens_1qa작업'!$C14:$Z14,1)<=5,pred_GDP_1qa!D15,"") -> 0.672491 | E15: =if(rank('Ens_1qa작업'!E14,'Ens_1qa작업'!$C14:$Z14,1)<=5,pred_GDP_1qa!E15,"") -> 0.634205 | F15: =if(rank('Ens_1qa작업'!F14,'Ens_1qa작업'!$C14:$Z14,1)<=5,pred_GDP_1qa!F15,"") -> 0.40883804 | I15: =if(rank('Ens_1qa작업'!I14,'Ens_1qa작업'!$C14:$Z14,1)<=5,pred_GDP_1qa!I15,"") | J15: =if(rank('Ens_1qa작업'!J14,'Ens_1qa작업'!$C14:$Z14,1)<=5,pred_GDP_1qa!J15,"") | K15: =if(rank('Ens_1qa작업'!K14,'Ens_1qa작업'!$C14:$Z14,1)<=5,pred_GDP_1qa!K15,"") | L15: =if(rank('Ens_1qa작업'!L14,'Ens_1qa작업'!$C14:$Z14,1)<=5,pred_GDP_1qa!L15,"") | O15: =if(rank('Ens_1qa작업'!O14,'Ens_1qa작업'!$C14:$Z14,1)<=5,pred_GDP_1qa!O15,"") -> 0.72437838 | P15: =if(rank('Ens_1qa작업'!P14,'Ens_1qa작업'!$C14:$Z14,1)<=5,pred_GDP_1qa!P15,"") | Q15: =if(rank('Ens_1qa작업'!Q14,'Ens_1qa작업'!$C14:$Z14,1)<=5,pred_GDP_1qa!Q15,"") | AB15: =index($C$1:$AA$1, match(min(C15:AA15),C15:AA15,0)) -> BEM3 | AC15: =min(C15:AA15) -> 0.40883804
A16: 201909 | B16: 0.4 | C16: =if(rank('Ens_1qa작업'!C15,'Ens_1qa작업'!$C15:$Z15,1)<=5,pred_GDP_1qa!C16,"") | D16: =if(rank('Ens_1qa작업'!D15,'Ens_1qa작업'!$C15:$Z15,1)<=5,pred_GDP_1qa!D16,"") -> 0.603259 | E16: =if(rank('Ens_1qa작업'!E15,'Ens_1qa작업'!$C15:$Z15,1)<=5,pred_GDP_1qa!E16,"") -> 0.598342 | F16: =if(rank('Ens_1qa작업'!F15,'Ens_1qa작업'!$C15:$Z15,1)<=5,pred_GDP_1qa!F16,"") -> 0.5794729 | I16: =if(rank('Ens_1qa작업'!I15,'Ens_1qa작업'!$C15:$Z15,1)<=5,pred_GDP_1qa!I16,"") | J16: =if(rank('Ens_1qa작업'!J15,'Ens_1qa작업'!$C15:$Z15,1)<=5,pred_GDP_1qa!J16,"") | K16: =if(rank('Ens_1qa작업'!K15,'Ens_1qa작업'!$C15:$Z15,1)<=5,pred_GDP_1qa!K16,"") | L16: =if(rank('Ens_1qa작업'!L15,'Ens_1qa작업'!$C15:$Z15,1)<=5,pred_GDP_1qa!L16,"") -> 0.58422408 | O16: =if(rank('Ens_1qa작업'!O15,'Ens_1qa작업'!$C15:$Z15,1)<=5,pred_GDP_1qa!O16,"") -> 0.63820048 | P16: =if(rank('Ens_1qa작업'!P15,'Ens_1qa작업'!$C15:$Z15,1)<=5,pred_GDP_1qa!P16,"") | Q16: =if(rank('Ens_1qa작업'!Q15,'Ens_1qa작업'!$C15:$Z15,1)<=5,pred_GDP_1qa!Q16,"") | AB16: =index($C$1:$AA$1, match(min(C16:AA16),C16:AA16,0)) -> BEM3 | AC16: =min(C16:AA16) -> 0.5794729
A17: 201912 | B17: 1.2 | C17: =if(rank('Ens_1qa작업'!C16,'Ens_1qa작업'!$C16:$Z16,1)<=5,pred_GDP_1qa!C17,"") | D17: =if(rank('Ens_1qa작업'!D16,'Ens_1qa작업'!$C16:$Z16,1)<=5,pred_GDP_1qa!D17,"") -> 0.677511 | E17: =if(rank('Ens_1qa작업'!E16,'Ens_1qa작업'!$C16:$Z16,1)<=5,pred_GDP_1qa!E17,"") -> 0.636049 | F17: =if(rank('Ens_1qa작업'!F16,'Ens_1qa작업'!$C16:$Z16,1)<=5,pred_GDP_1qa!F17,"") | I17: =if(rank('Ens_1qa작업'!I16,'Ens_1qa작업'!$C16:$Z16,1)<=5,pred_GDP_1qa!I17,"") | J17: =if(rank('Ens_1qa작업'!J16,'Ens_1qa작업'!$C16:$Z16,1)<=5,pred_GDP_1qa!J17,"") -> 1.2879319 | K17: =if(rank('Ens_1qa작업'!K16,'Ens_1qa작업'!$C16:$Z16,1)<=5,pred_GDP_1qa!K17,"") | L17: =if(rank('Ens_1qa작업'!L16,'Ens_1qa작업'!$C16:$Z16,1)<=5,pred_GDP_1qa!L17,"") -> 0.74181915 | O17: =if(rank('Ens_1qa작업'!O16,'Ens_1qa작업'!$C16:$Z16,1)<=5,pred_GDP_1qa!O17,"") -> 0.66053556 | P17: =if(rank('Ens_1qa작업'!P16,'Ens_1qa작업'!$C16:$Z16,1)<=5,pred_GDP_1qa!P17,"") | Q17: =if(rank('Ens_1qa작업'!Q16,'Ens_1qa작업'!$C16:$Z16,1)<=5,pred_GDP_1qa!Q17,"") | AB17: =index($C$1:$AA$1, match(min(C17:AA17),C17:AA17,0)) -> BEM2 | AC17: =min(C17:AA17) -> 0.636049
A18: 202003 | B18: -1.3 | C18: =if(rank('Ens_1qa작업'!C17,'Ens_1qa작업'!$C17:$Z17,1)<=5,pred_GDP_1qa!C18,"") | D18: =if(rank('Ens_1qa작업'!D17,'Ens_1qa작업'!$C17:$Z17,1)<=5,pred_GDP_1qa!D18,"") -> 0.549058 | E18: =if(rank('Ens_1qa작업'!E17,'Ens_1qa작업'!$C17:$Z17,1)<=5,pred_GDP_1qa!E18,"") -> 0.520496 | F18: =if(rank('Ens_1qa작업'!F17,'Ens_1qa작업'!$C17:$Z17,1)<=5,pred_GDP_1qa!F18,"") | I18: =if(rank('Ens_1qa작업'!I17,'Ens_1qa작업'!$C17:$Z17,1)<=5,pred_GDP_1qa!I18,"") -> 0.73696617 | J18: =if(rank('Ens_1qa작업'!J17,'Ens_1qa작업'!$C17:$Z17,1)<=5,pred_GDP_1qa!J18,"") -> 0.96314669 | K18: =if(rank('Ens_1qa작업'!K17,'Ens_1qa작업'!$C17:$Z17,1)<=5,pred_GDP_1qa!K18,"") | L18: =if(rank('Ens_1qa작업'!L17,'Ens_1qa작업'!$C17:$Z17,1)<=5,pred_GDP_1qa!L18,"") -> 0.27658808 | O18: =if(rank('Ens_1qa작업'!O17,'Ens_1qa작업'!$C17:$Z17,1)<=5,pred_GDP_1qa!O18,"") | P18: =if(rank('Ens_1qa작업'!P17,'Ens_1qa작업'!$C17:$Z17,1)<=5,pred_GDP_1qa!P18,"") | Q18: =if(rank('Ens_1qa작업'!Q17,'Ens_1qa작업'!$C17:$Z17,1)<=5,pred_GDP_1qa!Q18,"") | AB18: =index($C$1:$AA$1, match(min(C18:AA18),C18:AA18,0)) -> SVR-KNN | AC18: =min(C18:AA18) -> 0.27658808
... A29: 202212 | B29: -0.3 | C29: =if(rank('Ens_1qa작업'!C28,'Ens_1qa작업'!$C28:$Z28,1)<=5,pred_GDP_1qa!C29,"") | D29: =if(rank('Ens_1qa작업'!D28,'Ens_1qa작업'!$C28:$Z28,1)<=5,pred_GDP_1qa!D29,"") | E29: =if(rank('Ens_1qa작업'!E28,'Ens_1qa작업'!$C28:$Z28,1)<=5,pred_GDP_1qa!E29,"") | F29: =if(rank('Ens_1qa작업'!F28,'Ens_1qa작업'!$C28:$Z28,1)<=5,pred_GDP_1qa!F29,"") | I29: =if(rank('Ens_1qa작업'!I28,'Ens_1qa작업'!$C28:$Z28,1)<=5,pred_GDP_1qa!I29,"") | J29: =if(rank('Ens_1qa작업'!J28,'Ens_1qa작업'!$C28:$Z28,1)<=5,pred_GDP_1qa!J29,"") -> 0.45572752 | K29: =if(rank('Ens_1qa작업'!K28,'Ens_1qa작업'!$C28:$Z28,1)<=5,pred_GDP_1qa!K29,"") | L29: =if(rank('Ens_1qa작업'!L28,'Ens_1qa작업'!$C28:$Z28,1)<=5,pred_GDP_1qa!L29,"") -> 0.67636693 | O29: =if(rank('Ens_1qa작업'!O28,'Ens_1qa작업'!$C28:$Z28,1)<=5,pred_GDP_1qa!O29,"") -> 0.67244167 | P29: =if(rank('Ens_1qa작업'!P28,'Ens_1qa작업'!$C28:$Z28,1)<=5,pred_GDP_1qa!P29,"") -> 0.52829146 | Q29: =if(rank('Ens_1qa작업'!Q28,'Ens_1qa작업'!$C28:$Z28,1)<=5,pred_GDP_1qa!Q29,"") -> 0.491229 | AB29: =index($C$1:$AA$1, match(min(C29:AA29),C29:AA29,0)) -> T-M | AC29: =min(C29:AA29) -> 0.45572752
A30: 202303 | B30: 0.3 | C30: =if(rank('Ens_1qa작업'!C29,'Ens_1qa작업'!$C29:$Z29,1)<=5,pred_GDP_1qa!C30,"") | D30: =if(rank('Ens_1qa작업'!D29,'Ens_1qa작업'!$C29:$Z29,1)<=5,pred_GDP_1qa!D30,"") | E30: =if(rank('Ens_1qa작업'!E29,'Ens_1qa작업'!$C29:$Z29,1)<=5,pred_GDP_1qa!E30,"") | F30: =if(rank('Ens_1qa작업'!F29,'Ens_1qa작업'!$C29:$Z29,1)<=5,pred_GDP_1qa!F30,"") -> -0.28481035 | I30: =if(rank('Ens_1qa작업'!I29,'Ens_1qa작업'!$C29:$Z29,1)<=5,pred_GDP_1qa!I30,"") -> 0.076076883 | J30: =if(rank('Ens_1qa작업'!J29,'Ens_1qa작업'!$C29:$Z29,1)<=5,pred_GDP_1qa!J30,"") -> 0.63269518 | K30: =if(rank('Ens_1qa작업'!K29,'Ens_1qa작업'!$C29:$Z29,1)<=5,pred_GDP_1qa!K30,"") | L30: =if(rank('Ens_1qa작업'!L29,'Ens_1qa작업'!$C29:$Z29,1)<=5,pred_GDP_1qa!L30,"") | O30: =if(rank('Ens_1qa작업'!O29,'Ens_1qa작업'!$C29:$Z29,1)<=5,pred_GDP_1qa!O30,"") | P30: =if(rank('Ens_1qa작업'!P29,'Ens_1qa작업'!$C29:$Z29,1)<=5,pred_GDP_1qa!P30,"") -> 0.39814344 | Q30: =if(rank('Ens_1qa작업'!Q29,'Ens_1qa작업'!$C29:$Z29,1)<=5,pred_GDP_1qa!Q30,"") -> 0.387704
B32: MAE | C32: =AVERAGE(C2:C30) -> 0.63406744 | D32: =AVERAGE(D2:D30) -> 0.50422669 | E32: =AVERAGE(E2:E30) -> 0.4425245 | F32: =AVERAGE(F2:F30) -> 0.45524971 | I32: =AVERAGE(I2:I30) -> 0.8047848 | J32: =AVERAGE(J2:J30) -> 0.86519215 | K32: =AVERAGE(K2:K30) -> 0.572933 | L32: =AVERAGE(L2:L30) -> 0.27641382 | O32: =AVERAGE(O2:O30) -> 0.62223473 | P32: =AVERAGE(P2:P30) -> 0.89860717 | Q32: =AVERAGE(Q2:Q30) -> 0.58191218 | AA32: =AVERAGE(AA2:AA30) -> #DIV/0! | AC32: =AVERAGE(AC2:AC30) -> 0.19835867
B33: RMSE | C33: =(sumsq(C2:C30)/count(C2:C30))^(0.5) -> 0.79181556 | D33: =(sumsq(D2:D30)/count(D2:D30))^(0.5) -> 0.58544884 | E33: =(sumsq(E2:E30)/count(E2:E30))^(0.5) -> 0.53244712 | F33: =(sumsq(F2:F30)/count(F2:F30))^(0.5) -> 0.55421222 | I33: =(sumsq(I2:I30)/count(I2:I30))^(0.5) -> 1.1429946 | J33: =(sumsq(J2:J30)/count(J2:J30))^(0.5) -> 1.0134774 | K33: =(sumsq(K2:K30)/count(K2:K30))^(0.5) -> 0.572933 | L33: =(sumsq(L2:L30)/count(L2:L30))^(0.5) -> 0.74126045 | O33: =(sumsq(O2:O30)/count(O2:O30))^(0.5) -> 0.63109053 | P33: =(sumsq(P2:P30)/count(P2:P30))^(0.5) -> 0.95435405 | Q33: =(sumsq(Q2:Q30)/count(Q2:Q30))^(0.5) -> 0.64729723 | AA33: =(sumsq(AA2:AA30)/count(AA2:AA30))^(0.5) -> #DIV/0! | AC33: =(sumsq(AC2:AC30)/count(AC2:AC30))^(0.5) -> 0.52986195
B34: MAX | C34: =MAX(C2:C30) -> 1.0481816 | D34: =MAX(D2:D30) -> 1.149676 | E34: =MAX(E2:E30) -> 1.000648 | F34: =MAX(F2:F30) -> 0.97133115 | I34: =MAX(I2:I30) -> 1.5394985 | J34: =MAX(J2:J30) -> 1.979821 | K34: =MAX(K2:K30) -> 0.572933 | L34: =MAX(L2:L30) -> 1.455949 | O34: =MAX(O2:O30) -> 0.72437838 | P34: =MAX(P2:P30) -> 1.4617552 | Q34: =MAX(Q2:Q30) -> 0.970054 | AA34: =MAX(AA2:AA30) -> 0 | AC34: =MAX(AC2:AC30) -> 1.000648

Sheet Ens_1qa작업3
B1: GDP(SA) True | C1: DFM | D1: BEM1 | E1: BEM2 | F1: BEM3 | H1: LBVAR | I1: TFM | J1: T-M | K1: VAR | L1: SVR-KNN | M1: CRNN | O1: RF-DVS | P1: S-XGB | Q1: LQR | R1: OptimARIMA | AA1: TEXT | AB1: MIN_item | AC1: MIN
A2: 201603 | B2: 0.3
A3: 201606 | B3: 1.2
A4: 201609 | B4: 0.4
A5: 201612 | B5: 0.6
A6: 201703 | B6: 1 | AB6: =index($C$1:$AA$1, match(min(C6:AA6),C6:AA6,0)) -> #N/A | AC6: =min(C6:AA6) -> 0
A7: 201706 | B7: 0.8 | C7: =if(rank('Ens_1qa작업'!C6,'Ens_1qa작업'!$C6:$Z6,1)<=3,pred_GDP_1qa!C7,"") | D7: =if(rank('Ens_1qa작업'!D6,'Ens_1qa작업'!$C6:$Z6,1)<=3,pred_GDP_1qa!D7,"") -> 0.469731 | E7: =if(rank('Ens_1qa작업'!E6,'Ens_1qa작업'!$C6:$Z6,1)<=3,pred_GDP_1qa!E7,"") | F7: =if(rank('Ens_1qa작업'!F6,'Ens_1qa작업'!$C6:$Z6,1)<=3,pred_GDP_1qa!F7,"") | I7: =if(rank('Ens_1qa작업'!I6,'Ens_1qa작업'!$C6:$Z6,1)<=3,pred_GDP_1qa!I7,"") | J7: =if(rank('Ens_1qa작업'!J6,'Ens_1qa작업'!$C6:$Z6,1)<=3,pred_GDP_1qa!J7,"") | K7: =if(rank('Ens_1qa작업'!K6,'Ens_1qa작업'!$C6:$Z6,1)<=3,pred_GDP_1qa!K7,"") | L7: =if(rank('Ens_1qa작업'!L6,'Ens_1qa작업'!$C6:$Z6,1)<=3,pred_GDP_1qa!L7,"") -> -0.35810922 | O7: =if(rank('Ens_1qa작업'!O6,'Ens_1qa작업'!$C6:$Z6,1)<=3,pred_GDP_1qa!O7,"") -> 0.40988534 | P7: =if(rank('Ens_1qa작업'!P6,'Ens_1qa작업'!$C6:$Z6,1)<=3,pred_GDP_1qa!P7,"") | Q7: =if(rank('Ens_1qa작업'!Q6,'Ens_1qa작업'!$C6:$Z6,1)<=3,pred_GDP_1qa!Q7,"") | AB7: =index($C$1:$AA$1, match(min(C7:AA7),C7:AA7,0)) -> SVR-KNN | AC7: =min(C7:AA7) -> -0.35810922
A8: 201709 | B8: 1.4 | C8: =if(rank('Ens_1qa작업'!C7,'Ens_1qa작업'!$C7:$Z7,1)<=3,pred_GDP_1qa!C8,"") | D8: =if(rank('Ens_1qa작업'!D7,'Ens_1qa작업'!$C7:$Z7,1)<=3,pred_GDP_1qa!D8,"") -> 0.500708 | E8: =if(rank('Ens_1qa작업'!E7,'Ens_1qa작업'!$C7:$Z7,1)<=3,pred_GDP_1qa!E8,"") | F8: =if(rank('Ens_1qa작업'!F7,'Ens_1qa작업'!$C7:$Z7,1)<=3,pred_GDP_1qa!F8,"") | I8: =if(rank('Ens_1qa작업'!I7,'Ens_1qa작업'!$C7:$Z7,1)<=3,pred_GDP_1qa!I8,"") | J8: =if(rank('Ens_1qa작업'!J7,'Ens_1qa작업'!$C7:$Z7,1)<=3,pred_GDP_1qa!J8,"") -> 0.7163979 | K8: =if(rank('Ens_1qa작업'!K7,'Ens_1qa작업'!$C7:$Z7,1)<=3,pred_GDP_1qa!K8,"") | L8: =if(rank('Ens_1qa작업'!L7,'Ens_1qa작업'!$C7:$Z7,1)<=3,pred_GDP_1qa!L8,"") | O8: =if(rank('Ens_1qa작업'!O7,'Ens_1qa작업'!$C7:$Z7,1)<=3,pred_GDP_1qa!O8,"") -> 0.45234102 | P8: =if(rank('Ens_1qa작업'!P7,'Ens_1qa작업'!$C7:$Z7,1)<=3,pred_GDP_1qa!P8,"") | Q8: =if(rank('Ens_1qa작업'!Q7,'Ens_1qa작업'!$C7:$Z7,1)<=3,pred_GDP_1qa!Q8,"") | AB8: =index($C$1:$AA$1, match(min(C8:AA8),C8:AA8,0)) -> RF-DVS | AC8: =min(C8:AA8) -> 0.45234102
A9: 201712 | B9: -0.3 | C9: =if(rank('Ens_1qa작업'!C8,'Ens_1qa작업'!$C8:$Z8,1)<=3,pred_GDP_1qa!C9,"") -> 0.97254494 | D9: =if(rank('Ens_1qa작업'!D8,'Ens_1qa작업'!$C8:$Z8,1)<=3,pred_GDP_1qa!D9,"") | E9: =if(rank('Ens_1qa작업'!E8,'Ens_1qa작업'!$C8:$Z8,1)<=3,pred_GDP_1qa!E9,"") | F9: =if(rank('Ens_1qa작업'!F8,'Ens_1qa작업'!$C8:$Z8,1)<=3,pred_GDP_1qa!F9,"") -> 0.43925516 | I9: =if(rank('Ens_1qa작업'!I8,'Ens_1qa작업'!$C8:$Z8,1)<=3,pred_GDP_1qa!I9,"") | J9: =if(rank('Ens_1qa작업'!J8,'Ens_1qa작업'!$C8:$Z8,1)<=3,pred_GDP_1qa!J9,"") | K9: =if(rank('Ens_1qa작업'!K8,'Ens_1qa작업'!$C8:$Z8,1)<=3,pred_GDP_1qa!K9,"") | L9: =if(rank('Ens_1qa작업'!L8,'Ens_1qa작업'!$C8:$Z8,1)<=3,pred_GDP_1qa!L9,"") | O9: =if(rank('Ens_1qa작업'!O8,'Ens_1qa작업'!$C8:$Z8,1)<=3,pred_GDP_1qa!O9,"") | P9: =if(rank('Ens_1qa작업'!P8,'Ens_1qa작업'!$C8:$Z8,1)<=3,pred_GDP_1qa!P9,"") | Q9: =if(rank('Ens_1qa작업'!Q8,'Ens_1qa작업'!$C8:$Z8,1)<=3,pred_GDP_1qa!Q9,"") -> 0.849378 | AB9: =index($C$1:$AA$1, match(min(C9:AA9),C9:AA9,0)) -> BEM3 | AC9: =min(C9:AA9) -> 0.43925516
A10: 201803 | B10: 1.3 | C10: =if(rank('Ens_1qa작업'!C9,'Ens_1qa작업'!$C9:$Z9,1)<=3,pred_GDP_1qa!C10,"") -> 0.92490877 | D10: =if(rank('Ens_1qa작업'!D9,'Ens_1qa작업'!$C9:$Z9,1)<=3,pred_GDP_1qa!D10,"") | E10: =if(rank('Ens_1qa작업'!E9,'Ens_1qa작업'!$C9:$Z9,1)<=3,pred_GDP_1qa!E10,"") | F10: =if(rank('Ens_1qa작업'!F9,'Ens_1qa작업'!$C9:$Z9,1)<=3,pred_GDP_1qa!F10,"") -> 0.97133115 | I10: =if(rank('Ens_1qa작업'!I9,'Ens_1qa작업'!$C9:$Z9,1)<=3,pred_GDP_1qa!I10,"") | J10: =if(rank('Ens_1qa작업'!J9,'Ens_1qa작업'!$C9:$Z9,1)<=3,pred_GDP_1qa!J10,"") | K10: =if(rank('Ens_1qa작업'!K9,'Ens_1qa작업'!$C9:$Z9,1)<=3,pred_GDP_1qa!K10,"") | L10: =if(rank('Ens_1qa작업'!L9,'Ens_1qa작업'!$C9:$Z9,1)<=3,pred_GDP_1qa!L10,"") | O10: =if(rank('Ens_1qa작업'!O9,'Ens_1qa작업'!$C9:$Z9,1)<=3,pred_GDP_1qa!O10,"") | P10: =if(rank('Ens_1qa작업'!P9,'Ens_1qa작업'!$C9:$Z9,1)<=3,pred_GDP_1qa!P10,"") | Q10: =if(rank('Ens_1qa작업'!Q9,'Ens_1qa작업'!$C9:$Z9,1)<=3,pred_GDP_1qa!Q10,"") -> 0.548781 | AB10: =index($C$1:$AA$1, match(min(C10:AA10),C10:AA10,0)) -> LQR | AC10: =min(C10:AA10) -> 0.548781
A11: 201806 | B11: 0.7 | C11: =if(rank('Ens_1qa작업'!C10,'Ens_1qa작업'!$C10:$Z10,1)<=3,pred_GDP_1qa!C11,"") -> 0.61097282 | D11: =if(rank('Ens_1qa작업'!D10,'Ens_1qa작업'!$C10:$Z10,1)<=3,pred_GDP_1qa!D11,"") | E11: =if(rank('Ens_1qa작업'!E10,'Ens_1qa작업'!$C10:$Z10,1)<=3,pred_GDP_1qa!E11,"") | F11: =if(rank('Ens_1qa작업'!F10,'Ens_1qa작업'!$C10:$Z10,1)<=3,pred_GDP_1qa!F11,"") -> 0.5150402 | I11: =if(rank('Ens_1qa작업'!I10,'Ens_1qa작업'!$C10:$Z10,1)<=3,pred_GDP_1qa!I11,"") | J11: =if(rank('Ens_1qa작업'!J10,'Ens_1qa작업'!$C10:$Z10,1)<=3,pred_GDP_1qa!J11,"") | K11: =if(rank('Ens_1qa작업'!K10,'Ens_1qa작업'!$C10:$Z10,1)<=3,pred_GDP_1qa!K11,"") | L11: =if(rank('Ens_1qa작업'!L10,'Ens_1qa작업'!$C10:$Z10,1)<=3,pred_GDP_1qa!L11,"") | O11: =if(rank('Ens_1qa작업'!O10,'Ens_1qa작업'!$C10:$Z10,1)<=3,pred_GDP_1qa!O11,"") | P11: =if(rank('Ens_1qa작업'!P10,'Ens_1qa작업'!$C10:$Z10,1)<=3,pred_GDP_1qa!P11,"") | Q11: =if(rank('Ens_1qa작업'!Q10,'Ens_1qa작업'!$C10:$Z10,1)<=3,pred_GDP_1qa!Q11,"") -> 0.663451 | AB11: =index($C$1:$AA$1, match(min(C11:AA11),C11:AA11,0)) -> BEM3 | AC11: =min(C11:AA11) -> 0.5150402
A12: 201809 | B12: 0.6 | C12: =if(rank('Ens_1qa작업'!C11,'Ens_1qa작업'!$C11:$Z11,1)<=3,pred_GDP_1qa!C12,"") -> 1.0481816 | D12: =if(rank('Ens_1qa작업'!D11,'Ens_1qa작업'!$C11:$Z11,1)<=3,pred_GDP_1qa!D12,"") | E12: =if(rank('Ens_1qa작업'!E11,'Ens_1qa작업'!$C11:$Z11,1)<=3,pred_GDP_1qa!E12,"") | F12: =if(rank('Ens_1qa작업'!F11,'Ens_1qa작업'!$C11:$Z11,1)<=3,pred_GDP_1qa!F12,"") -> 0.79570786 | I12: =if(rank('Ens_1qa작업'!I11,'Ens_1qa작업'!$C11:$Z11,1)<=3,pred_GDP_1qa!I12,"") | J12: =if(rank('Ens_1qa작업'!J11,'Ens_1qa작업'!$C11:$Z11,1)<=3,pred_GDP_1qa!J12,"") | K12: =if(rank('Ens_1qa작업'!K11,'Ens_1qa작업'!$C11:$Z11,1)<=3,pred_GDP_1qa!K12,"") | L12: =if(rank('Ens_1qa작업'!L11,'Ens_1qa작업'!$C11:$Z11,1)<=3,pred_GDP_1qa!L12,"") | O12: =if(rank('Ens_1qa작업'!O11,'Ens_1qa작업'!$C11:$Z11,1)<=3,pred_GDP_1qa!O12,"") | P12: =if(rank('Ens_1qa작업'!P11,'Ens_1qa작업'!$C11:$Z11,1)<=3,pred_GDP_1qa!P12,"") | Q12: =if(rank('Ens_1qa작업'!Q11,'Ens_1qa작업'!$C11:$Z11,1)<=3,pred_GDP_1qa!Q12,"") -> 0.606897 | AB12: =index($C$1:$AA$1, match(min(C12:AA12),C12:AA12,0)) -> LQR | AC12: =min(C12:AA12) -> 0.606897
A13: 201812 | B13: 0.6 | C13: =if(rank('Ens_1qa작업'!C12,'Ens_1qa작업'!$C12:$Z12,1)<=3,pred_GDP_1qa!C13,"") -> 0.54190395 | D13: =if(rank('Ens_1qa작업'!D12,'Ens_1qa작업'!$C12:$Z12,1)<=3,pred_GDP_1qa!D13,"") -> 0.505337 | E13: =if(rank('Ens_1qa작업'!E12,'Ens_1qa작업'!$C12:$Z12,1)<=3,pred_GDP_1qa!E13,"") | F13: =if(rank('Ens_1qa작업'!F12,'Ens_1qa작업'!$C12:$Z12,1)<=3,pred_GDP_1qa!F13,"") -> 0.53214375 | I13: =if(rank('Ens_1qa작업'!I12,'Ens_1qa작업'!$C12:$Z12,1)<=3,pred_GDP_1qa!I13,"") | J13: =if(rank('Ens_1qa작업'!J12,'Ens_1qa작업'!$C12:$Z12,1)<=3,pred_GDP_1qa!J13,"") | K13: =if(rank('Ens_1qa작업'!K12,'Ens_1qa작업'!$C12:$Z12,1)<=3,pred_GDP_1qa!K13,"") | L13: =if(rank('Ens_1qa작업'!L12,'Ens_1qa작업'!$C12:$Z12,1)<=3,pred_GDP_1qa!L13,"") | O13: =if(rank('Ens_1qa작업'!O12,'Ens_1qa작업'!$C12:$Z12,1)<=3,pred_GDP_1qa!O13,"") | P13: =if(rank('Ens_1qa작업'!P12,'Ens_1qa작업'!$C12:$Z12,1)<=3,pred_GDP_1qa!P13,"") | Q13: =if(rank('Ens_1qa작업'!Q12,'Ens_1qa작업'!$C12:$Z12,1)<=3,pred_GDP_1qa!Q13,"") | AB13: =index($C$1:$AA$1, match(min(C13:AA13),C13:AA13,0)) -> BEM1 | AC13: =min(C13:AA13) -> 0.505337
A14: 201903 | B14: -0.1 | C14: =if(rank('Ens_1qa작업'!C13,'Ens_1qa작업'!$C13:$Z13,1)<=3,pred_GDP_1qa!C14,"") | D14: =if(rank('Ens_1qa작업'!D13,'Ens_1qa작업'!$C13:$Z13,1)<=3,pred_GDP_1qa!D14,"") -> 0.395094 | E14: =if(rank('Ens_1qa작업'!E13,'Ens_1qa작업'!$C13:$Z13,1)<=3,pred_GDP_1qa!E14,"") -> 0.333607 | F14: =if(rank('Ens_1qa작업'!F13,'Ens_1qa작업'!$C13:$Z13,1)<=3,pred_GDP_1qa!F14,"") -> 0.24953052 | I14: =if(rank('Ens_1qa작업'!I13,'Ens_1qa작업'!$C13:$Z13,1)<=3,pred_GDP_1qa!I14,"") | J14: =if(rank('Ens_1qa작업'!J13,'Ens_1qa작업'!$C13:$Z13,1)<=3,pred_GDP_1qa!J14,"") | K14: =if(rank('Ens_1qa작업'!K13,'Ens_1qa작업'!$C13:$Z13,1)<=3,pred_GDP_1qa!K14,"") | L14: =if(rank('Ens_1qa작업'!L13,'Ens_1qa작업'!$C13:$Z13,1)<=3,pred_GDP_1qa!L14,"") | O14: =if(rank('Ens_1qa작업'!O13,'Ens_1qa작업'!$C13:$Z13,1)<=3,pred_GDP_1qa!O14,"") | P14: =if(rank('Ens_1qa작업'!P13,'Ens_1qa작업'!$C13:$Z13,1)<=3,pred_GDP_1qa!P14,"") | Q14: =if(rank('Ens_1qa작업'!Q13,'Ens_1qa작업'!$C13:$Z13,1)<=3,pred_GDP_1qa!Q14,"") | AB14: =index($C$1:$AA$1, match(min(C14:AA14),C14:AA14,0)) -> BEM3 | AC14: =min(C14:AA14) -> 0.24953052
A15: 201906 | B15: 1.1 | C15: =if(rank('Ens_1qa작업'!C14,'Ens_1qa작업'!$C14:$Z14,1)<=3,pred_GDP_1qa!C15,"") | D15: =if(rank('Ens_1qa작업'!D14,'Ens_1qa작업'!$C14:$Z14,1)<=3,pred_GDP_1qa!D15,"") -> 0.672491 | E15: =if(rank('Ens_1qa작업'!E14,'Ens_1qa작업'!$C14:$Z14,1)<=3,pred_GDP_1qa!E15,"") | F15: =if(rank('Ens_1qa작업'!F14,'Ens_1qa작업'!$C14:$Z14,1)<=3,pred_GDP_1qa!F15,"") -> 0.40883804 | I15: =if(rank('Ens_1qa작업'!I14,'Ens_1qa작업'!$C14:$Z14,1)<=3,pred_GDP_1qa!I15,"") | J15: =if(rank('Ens_1qa작업'!J14,'Ens_1qa작업'!$C14:$Z14,1)<=3,pred_GDP_1qa!J15,"") | K15: =if(rank('Ens_1qa작업'!K14,'Ens_1qa작업'!$C14:$Z14,1)<=3,pred_GDP_1qa!K15,"") | L15: =if(rank('Ens_1qa작업'!L14,'Ens_1qa작업'!$C14:$Z14,1)<=3,pred_GDP_1qa!L15,"") | O15: =if(rank('Ens_1qa작업'!O14,'Ens_1qa작업'!$C14:$Z14,1)<=3,pred_GDP_1qa!O15,"") -> 0.72437838 | P15: =if(rank('Ens_1qa작업'!P14,'Ens_1qa작업'!$C14:$Z14,1)<=3,pred_GDP_1qa!P15,"") | Q15: =if(rank('Ens_1qa작업'!Q14,'Ens_1qa작업'!$C14:$Z14,1)<=3,pred_GDP_1qa!Q15,"") | AB15: =index($C$1:$AA$1, match(min(C15:AA15),C15:AA15,0)) -> BEM3 | AC15: =min(C15:AA15) -> 0.40883804
A16: 201909 | B16: 0.4 | C16: =if(rank('Ens_1qa작업'!C15,'Ens_1qa작업'!$C15:$Z15,1)<=3,pred_GDP_1qa!C16,"") | D16: =if(rank('Ens_1qa작업'!D15,'Ens_1qa작업'!$C15:$Z15,1)<=3,pred_GDP_1qa!D16,"") -> 0.603259 | E16: =if(rank('Ens_1qa작업'!E15,'Ens_1qa작업'!$C15:$Z15,1)<=3,pred_GDP_1qa!E16,"") -> 0.598342 | F16: =if(rank('Ens_1qa작업'!F15,'Ens_1qa작업'!$C15:$Z15,1)<=3,pred_GDP_1qa!F16,"") -> 0.5794729 | I16: =if(rank('Ens_1qa작업'!I15,'Ens_1qa작업'!$C15:$Z15,1)<=3,pred_GDP_1qa!I16,"") | J16: =if(rank('Ens_1qa작업'!J15,'Ens_1qa작업'!$C15:$Z15,1)<=3,pred_GDP_1qa!J16,"") | K16: =if(rank('Ens_1qa작업'!K15,'Ens_1qa작업'!$C15:$Z15,1)<=3,pred_GDP_1qa!K16,"") | L16: =if(rank('Ens_1qa작업'!L15,'Ens_1qa작업'!$C15:$Z15,1)<=3,pred_GDP_1qa!L16,"") | O16: =if(rank('Ens_1qa작업'!O15,'Ens_1qa작업'!$C15:$Z15,1)<=3,pred_GDP_1qa!O16,"") | P16: =if(rank('Ens_1qa작업'!P15,'Ens_1qa작업'!$C15:$Z15,1)<=3,pred_GDP_1qa!P16,"") | Q16: =if(rank('Ens_1qa작업'!Q15,'Ens_1qa작업'!$C15:$Z15,1)<=3,pred_GDP_1qa!Q16,"") | AB16: =index($C$1:$AA$1, match(min(C16:AA16),C16:AA16,0)) -> BEM3 | AC16: =min(C16:AA16) -> 0.5794729
A17: 201912 | B17: 1.2 | C17: =if(rank('Ens_1qa작업'!C16,'Ens_1qa작업'!$C16:$Z16,1)<=3,pred_GDP_1qa!C17,"") | D17: =if(rank('Ens_1qa작업'!D16,'Ens_1qa작업'!$C16:$Z16,1)<=3,pred_GDP_1qa!D17,"") -> 0.677511 | E17: =if(rank('Ens_1qa작업'!E16,'Ens_1qa작업'!$C16:$Z16,1)<=3,pred_GDP_1qa!E17,"") -> 0.636049 | F17: =if(rank('Ens_1qa작업'!F16,'Ens_1qa작업'!$C16:$Z16,1)<=3,pred_GDP_1qa!F17,"") | I17: =if(rank('Ens_1qa작업'!I16,'Ens_1qa작업'!$C16:$Z16,1)<=3,pred_GDP_1qa!I17,"") | J17: =if(rank('Ens_1qa작업'!J16,'Ens_1qa작업'!$C16:$Z16,1)<=3,pred_GDP_1qa!J17,"") | K17: =if(rank('Ens_1qa작업'!K16,'Ens_1qa작업'!$C16:$Z16,1)<=3,pred_GDP_1qa!K17,"") | L17: =if(rank('Ens_1qa작업'!L16,'Ens_1qa작업'!$C16:$Z16,1)<=3,pred_GDP_1qa!L17,"") -> 0.74181915 | O17: =if(rank('Ens_1qa작업'!O16,'Ens_1qa작업'!$C16:$Z16,1)<=3,pred_GDP_1qa!O17,"") | P17: =if(rank('Ens_1qa작업'!P16,'Ens_1qa작업'!$C16:$Z16,1)<=3,pred_GDP_1qa!P17,"") | Q17: =if(rank('Ens_1qa작업'!Q16,'Ens_1qa작업'!$C16:$Z16,1)<=3,pred_GDP_1qa!Q17,"") | AB17: =index($C$1:$AA$1, match(min(C17:AA17),C17:AA17,0)) -> BEM2 | AC17: =min(C17:AA17) -> 0.636049
A18: 202003 | B18: -1.3 | C18: =if(rank('Ens_1qa작업'!C17,'Ens_1qa작업'!$C17:$Z17,1)<=3,pred_GDP_1qa!C18,"") | D18: =if(rank('Ens_1qa작업'!D17,'Ens_1qa작업'!$C17:$Z17,1)<=3,pred_GDP_1qa!D18,"") -> 0.549058 | E18: =if(rank('Ens_1qa작업'!E17,'Ens_1qa작업'!$C17:$Z17,1)<=3,pred_GDP_1qa!E18,"") | F18: =if(rank('Ens_1qa작업'!F17,'Ens_1qa작업'!$C17:$Z17,1)<=3,pred_GDP_1qa!F18,"") | I18: =if(rank('Ens_1qa작업'!I17,'Ens_1qa작업'!$C17:$Z17,1)<=3,pred_GDP_1qa!I18,"") -> 0.73696617 | J18: =if(rank('Ens_1qa작업'!J17,'Ens_1qa작업'!$C17:$Z17,1)<=3,pred_GDP_1qa!J18,"") -> 0.96314669 | K18: =if(rank('Ens_1qa작업'!K17,'Ens_1qa작업'!$C17:$Z17,1)<=3,pred_GDP_1qa!K18,"") | L18: =if(rank('Ens_1qa작업'!L17,'Ens_1qa작업'!$C17:$Z17,1)<=3,pred_GDP_1qa!L18,"") | O18: =if(rank('Ens_1qa작업'!O17,'Ens_1qa작업'!$C17:$Z17,1)<=3,pred_GDP_1qa!O18,"") | P18: =if(rank('Ens_1qa작업'!P17,'Ens_1qa작업'!$C17:$Z17,1)<=3,pred_GDP_1qa!P18,"") | Q18: =if(rank('Ens_1qa작업'!Q17,'Ens_1qa작업'!$C17:$Z17,1)<=3,pred_GDP_1qa!Q18,"") | AB18: =index($C$1:$AA$1, match(min(C18:AA18),C18:AA18,0)) -> BEM1 | AC18: =min(C18:AA18) -> 0.549058
... A29: 202212 | B29: -0.3 | C29: =if(rank('Ens_1qa작업'!C28,'Ens_1qa작업'!$C28:$Z28,1)<=3,pred_GDP_1qa!C29,"") | D29: =if(rank('Ens_1qa작업'!D28,'Ens_1qa작업'!$C28:$Z28,1)<=3,pred_GDP_1qa!D29,"") | E29: =if(rank('Ens_1qa작업'!E28,'Ens_1qa작업'!$C28:$Z28,1)<=3,pred_GDP_1qa!E29,"") | F29: =if(rank('Ens_1qa작업'!F28,'Ens_1qa작업'!$C28:$Z28,1)<=3,pred_GDP_1qa!F29,"") | I29: =if(rank('Ens_1qa작업'!I28,'Ens_1qa작업'!$C28:$Z28,1)<=3,pred_GDP_1qa!I29,"") | J29: =if(rank('Ens_1qa작업'!J28,'Ens_1qa작업'!$C28:$Z28,1)<=3,pred_GDP_1qa!J29,"") -> 0.45572752 | K29: =if(rank('Ens_1qa작업'!K28,'Ens_1qa작업'!$C28:$Z28,1)<=3,pred_GDP_1qa!K29,"") | L29: =if(rank('Ens_1qa작업'!L28,'Ens_1qa작업'!$C28:$Z28,1)<=3,pred_GDP_1qa!L29,"") | O29: =if(rank('Ens_1qa작업'!O28,'Ens_1qa작업'!$C28:$Z28,1)<=3,pred_GDP_1qa!O29,"") -> 0.67244167 | P29: =if(rank('Ens_1qa작업'!P28,'Ens_1qa작업'!$C28:$Z28,1)<=3,pred_GDP_1qa!P29,"") -> 0.52829146 | Q29: =if(rank('Ens_1qa작업'!Q28,'Ens_1qa작업'!$C28:$Z28,1)<=3,pred_GDP_1qa!Q29,"") | AB29: =index($C$1:$AA$1, match(min(C29:AA29),C29:AA29,0)) -> T-M | AC29: =min(C29:AA29) -> 0.45572752
A30: 202303 | B30: 0.3 | C30: =if(rank('Ens_1qa작업'!C29,'Ens_1qa작업'!$C29:$Z29,1)<=3,pred_GDP_1qa!C30,"") | D30: =if(rank('Ens_1qa작업'!D29,'Ens_1qa작업'!$C29:$Z29,1)<=3,pred_GDP_1qa!D30,"") | E30: =if(rank('Ens_1qa작업'!E29,'Ens_1qa작업'!$C29:$Z29,1)<=3,pred_GDP_1qa!E30,"") | F30: =if(rank('Ens_1qa작업'!F29,'Ens_1qa작업'!$C29:$Z29,1)<=3,pred_GDP_1qa!F30,"") -> -0.28481035 | I30: =if(rank('Ens_1qa작업'!I29,'Ens_1qa작업'!$C29:$Z29,1)<=3,pred_GDP_1qa!I30,"") | J30: =if(rank('Ens_1qa작업'!J29,'Ens_1qa작업'!$C29:$Z29,1)<=3,pred_GDP_1qa!J30,"") -> 0.63269518 | K30: =if(rank('Ens_1qa작업'!K29,'Ens_1qa작업'!$C29:$Z29,1)<=3,pred_GDP_1qa!K30,"") | L30: =if(rank('Ens_1qa작업'!L29,'Ens_1qa작업'!$C29:$Z29,1)<=3,pred_GDP_1qa!L30,"") | O30: =if(rank('Ens_1qa작업'!O29,'Ens_1qa작업'!$C29:$Z29,1)<=3,pred_GDP_1qa!O30,"") | P30: =if(rank('Ens_1qa작업'!P29,'Ens_1qa작업'!$C29:$Z29,1)<=3,pred_GDP_1qa!P30,"") -> 0.39814344 | Q30: =if(rank('Ens_1qa작업'!Q29,'Ens_1qa작업'!$C29:$Z29,1)<=3,pred_GDP_1qa!Q30,"")
B32: MAE | C32: =AVERAGE(C2:C30) -> 0.81970242 | D32: =AVERAGE(D2:D30) -> 0.49062944 | E32: =AVERAGE(E2:E30) -> 0.522666 | F32: =AVERAGE(F2:F30) -> 0.48231473 | I32: =AVERAGE(I2:I30) -> 0.85337789 | J32: =AVERAGE(J2:J30) -> 0.69516176 | K32: =AVERAGE(K2:K30) -> 0.572933 | L32: =AVERAGE(L2:L30) -> 0.28390012 | O32: =AVERAGE(O2:O30) -> 0.56476161 | P32: =AVERAGE(P2:P30) -> 0.82821367 | Q32: =AVERAGE(Q2:Q30) -> 0.52952243 | AA32: =AVERAGE(AA2:AA30) -> #DIV/0! | AC32: =AVERAGE(AC2:AC30) -> 0.34032289
B33: RMSE | C33: =(sumsq(C2:C30)/count(C2:C30))^(0.5) -> 0.84462208 | D33: =(sumsq(D2:D30)/count(D2:D30))^(0.5) -> 0.52294849 | E33: =(sumsq(E2:E30)/count(E2:E30))^(0.5) -> 0.53971138 | F33: =(sumsq(F2:F30)/count(F2:F30))^(0.5) -> 0.57832396 | I33: =(sumsq(I2:I30)/count(I2:I30))^(0.5) -> 1.2476902 | J33: =(sumsq(J2:J30)/count(J2:J30))^(0.5) -> 0.89851822 | K33: =(sumsq(K2:K30)/count(K2:K30))^(0.5) -> 0.572933 | L33: =(sumsq(L2:L30)/count(L2:L30))^(0.5) -> 0.85849875 | O33: =(sumsq(O2:O30)/count(O2:O30))^(0.5) -> 0.58084426 | P33: =(sumsq(P2:P30)/count(P2:P30))^(0.5) -> 0.87037325 | Q33: =(sumsq(Q2:Q30)/count(Q2:Q30))^(0.5) -> 0.60493464 | AA33: =(sumsq(AA2:AA30)/count(AA2:AA30))^(0.5) -> #DIV/0! | AC33: =(sumsq(AC2:AC30)/count(AC2:AC30))^(0.5) -> 0.5997879
B34: MAX | C34: =MAX(C2:C30) -> 1.0481816 | D34: =MAX(D2:D30) -> 0.677511 | E34: =MAX(E2:E30) -> 0.636049 | F34: =MAX(F2:F30) -> 0.97133115 | I34: =MAX(I2:I30) -> 1.5394985 | J34: =MAX(J2:J30) -> 1.979821 | K34: =MAX(K2:K30) -> 0.572933 | L34: =MAX(L2:L30) -> 1.455949 | O34: =MAX(O2:O30) -> 0.72437838 | P34: =MAX(P2:P30) -> 1.2791814 | Q34: =MAX(Q2:Q30) -> 0.849378 | AA34: =MAX(AA2:AA30) -> 0 | AC34: =MAX(AC2:AC30) -> 1.2681559

Sheet pred_GDP_now
B1: GDP(SA) True | C1: DFM | D1: BEM1 | E1: BEM2 | F1: BEM3 | H1: LBVAR | I1: TFM | J1: T-M | K1: VAR | L1: SVR-KNN | M1: CRNN | O1: RF-DVS | P1: S-XGB | Q1: LQR | R1: OptimARIMA | AA1: LBVAR | AB1: optimARIMA
A2: 201603 | B2: 0.3 | C2: 0.096765505 | D2: 0.199137 | E2: 0.09312 | F2: 0.225933 | H2: 0.747097 | I2: 0.47644454 | J2: 0.81979479 | K2: 0.798164 | L2: 0.35011399 | M2: -0.28277946 | O2: 0.5361807 | P2: 0.57159632 | Q2: 0.303693 | R2: 0.040466 | AA2: 0.747097 | AB2: -0.045513437
A3: 201606 | B3: 1.2 | C3: 0.90968065 | D3: 0.892079 | E3: 0.84811 | F3: 0.891963 | H3: 0.351429 | I3: 1.0633698 | J3: 1.068642 | K3: 1.132944 | L3: 1.0512045 | M3: 0.5818728 | O3: 0.77269948 | P3: 1.7542191 | Q3: 0.563998 | R3: 1.266576 | AA3: 0.351429 | AB3: 1.428415
A4: 201609 | B4: 0.4 | C4: 0.55010575 | D4: 0.641954 | E4: 0.563895 | F4: 0.684774 | H4: 0.936626 | I4: 0.95351116 | J4: 0.72645207 | K4: 0.950103 | L4: 0.45401846 | M4: 0.6968781 | O4: 0.86391836 | P4: 0.92820132 | Q4: 0.592652 | R4: 0.442873 | AA4: 0.936626 | AB4: 0.58959291
A5: 201612 | B5: 0.6 | C5: 1.1310326 | D5: 0.695008 | E5: 0.642045 | F5: 0.712063 | H5: 0.575754 | I5: 1.0674276 | J5: 0.87291485 | K5: 1.045621 | L5: 1.2844757 | M5: 0.96055126 | O5: 0.73464664 | P5: 1.0994868 | Q5: 0.769816 | R5: 1.336816 | AA5: 0.575754 | AB5: 1.9498762
A6: 201703 | B6: 1 | C6: 1.0771162 | D6: 1.119916 | E6: 1.097867 | F6: 1.054444 | H6: 0.647591 | I6: 1.0670232 | J6: 1.0479094 | K6: 1.113357 | L6: 1.1047905 | M6: 1.2134948 | O6: 0.81843315 | P6: 0.89296567 | Q6: 1.074216 | R6: 1.447208 | AA6: 0.647591 | AB6: 1.5298937
A7: 201706 | B7: 0.8 | C7: 0.50836078 | D7: 1.108525 | E7: 1.126052 | F7: 1.015314 | H7: 0.689279 | I7: 0.93246572 | J7: 0.94488392 | K7: 0.786986 | L7: 1.0296328 | M7: 0.79233724 | O7: 0.79498314 | P7: 1.1916115 | Q7: 0.945407 | R7: 1.284572 | AA7: 0.689279 | AB7: 0.19489818
A8: 201709 | B8: 1.4 | C8: 0.73780532 | D8: 0.287701 | E8: 0.275753 | F8: 0.399241 | H8: 0.969641 | I8: 0.74345895 | J8: 0.8347323 | K8: 0.960132 | L8: 0.92132989 | M8: 0.6759019 | O8: 0.8004513 | P8: 0.87996209 | Q8: 0.712376 | R8: 0.973802 | AA8: 0.969641 | AB8: 1.0392882
A9: 201712 | B9: -0.3 | C9: 0.71009689 | D9: 0.952379 | E9: 0.673771 | F9: 0.895778 | H9: 1.387553 | I9: 0.8721196 | J9: 0.89416043 | K9: 0.694095 | L9: 0.51212529 | M9: 0.71935225 | O9: 0.74325214 | P9: 0.79880202 | Q9: 0.354928 | R9: 0.478414 | AA9: 1.387553 | AB9: 0.73955387
A10: 201803 | B10: 1.3 | C10: 1.1079978 | D10: 0.678722 | E10: 0.808093 | F10: 0.709687 | H10: 0.753485 | I10: 0.9775264 | J10: 1.005438 | K10: 0.937068 | L10: 1.2140902 | M10: 0.80441034 | O10: 1.1117773 | P10: 0.71219826 | Q10: 0.744322 | R10: 1.71661 | AA10: 0.753485 | AB10: 0.69565869
A11: 201806 | B11: 0.7 | C11: 0.95959584 | D11: 0.711343 | E11: 0.552336 | F11: 0.701288 | H11: 0.31626 | I11: 0.56679147 | J11: 0.54893017 | K11: 0.837201 | L11: 0.57726227 | M11: 0.6337409 | O11: 0.4999584 | P11: 1.3132168 | Q11: 0.687899 | R11: 0.596387 | AA11: 0.31626 | AB11: 1.0314894
A12: 201809 | B12: 0.6 | C12: 0.97109739 | D12: 0.523688 | E12: 0.475666 | F12: 0.571424 | H12: 0.361778 | I12: 1.0800163 | J12: 1.0457688 | K12: 0.701816 | L12: 0.60425636 | M12: 0.34749293 | O12: 0.5807563 | P12: 0.68545735 | Q12: 0.679213 | R12: 0.320519 | AA12: 0.361778 | AB12: 0.39336532
A13: 201812 | B13: 0.6 | C13: 0.26589153 | D13: 0.09694 | E13: -0.02169 | F13: 0.245889 | H13: 0.749574 | I13: 0.35103274 | J13: 0.66124605 | K13: 0.703083 | L13: 0.45311828 | M13: 0.056084156 | O13: 1.1399713 | P13: 0.7254836 | Q13: 0.117679 | R13: 0.410747 | AA13: 0.749574 | AB13: 0.24974824
... A29: 202212 | B29: -0.3 | C29: -0.80932658 | D29: -0.78486 | E29: -0.93253 | F29: -0.55036 | H29: -0.03764 | I29: 0.004307387 | J29: 0.45885565 | K29: -0.43845 | L29: 0.045649434 | M29: -0.58131605 | O29: 0.15493006 | P29: 0.28175333 | Q29: -0.714974 | R29: -0.435121 | AA29: -0.03764 | AB29: -0.03135135
A30: 202303 | B30: 0.3 | C30: 0.36030049 | D30: 0.32618 | E30: 0.190789 | F30: 0.426876 | J30: 0.4536 | K30: 0.606136 | L30: 0.45476664 | O30: 0.51521447 | P30: 0.056324366 | AB30: 0.71259414
A31: 202306 | B31: 0.6 | C31: 1.6 | D31: 0.79 | E31: 0.79 | F31: 0.7 | K31: 0.88 | L31: 0.53 | O31: 0.62 | P31: 1.12 | Q31: 0.23 | R31: 0.7
A32: 202309 | B32: 0.6 | C32: 0.29 | D32: 0.29 | E32: 0.27 | F32: 0.39 | K32: 0.45 | L32: 0.45 | O32: 0.63 | P32: 0.5 | Q32: -0.66 | R32: 0.08
A33: 202312 | B33: 0.6 | C33: 0.23 | D33: 0.84 | E33: 0.8 | F33: 0.75 | K33: 0.8 | L33: 0.97 | O33: 0.66 | P33: 1.32 | Q33: 0.43 | R33: 0.74
A34: 202403 | B34: 1.3 | C34: 0.69 | D34: 0.7 | E34: 0.7 | F34: 0.66 | K34: 0.62 | L34: 0.82 | O34: 0.71 | P34: 0.94 | Q34: 0.83 | R34: 0.95
C35: .

Sheet err_GDP_now
B1: GDP(SA) True | C1: DFM | D1: BEM1 | E1: BEM2 | F1: BEM3 | H1: LBVAR | I1: TFM | J1: T-M | K1: VAR | L1: SVR-KNN | M1: CRNN | O1: RF-DVS | P1: S-XGB | Q1: LQR | R1: OptimARIMA | AA1: TEXT | AB1: MIN_item | AC1: MIN
A2: 201603 | B2: 0.3 | C2: =abs(pred_GDP_now!C2-pred_GDP_now!$B2) -> 0.20323449 | D2: =abs(pred_GDP_now!D2-pred_GDP_now!$B2) -> 0.100863 | E2: =abs(pred_GDP_now!E2-pred_GDP_now!$B2) -> 0.20688 | F2: =abs(pred_GDP_now!F2-pred_GDP_now!$B2) -> 0.074067 | H2: =abs(pred_GDP_now!H2-pred_GDP_now!$B2) -> 0.447097 | I2: =abs(pred_GDP_now!I2-pred_GDP_now!$B2) -> 0.17644454 | J2: =abs(pred_GDP_now!J2-pred_GDP_now!$B2) -> 0.51979479 | K2: =abs(pred_GDP_now!K2-pred_GDP_now!$B2) -> 0.498164 | L2: =abs(pred_GDP_now!L2-pred_GDP_now!$B2) -> 0.050113995 | M2: =abs(pred_GDP_now!M2-pred_GDP_now!$B2) -> 0.58277946 | O2: =abs(pred_GDP_now!O2-pred_GDP_now!$B2) -> 0.2361807 | P2: =abs(pred_GDP_now!P2-pred_GDP_now!$B2) -> 0.27159632 | Q2: =abs(pred_GDP_now!Q2-pred_GDP_now!$B2) -> 0.003693 | R2: =abs(pred_GDP_now!R2-pred_GDP_now!$B2) -> 0.259534 | AA2: =abs(pred_GDP_now!AA2-pred_GDP_now!$B2) -> 0.447097 | AB2: =index($C$1:$AA$1, match(min(C2:AA2),C2:AA2,0)) -> LQR | AC2: =min(C2:AA2) -> 0.003693
A3: 201606 | B3: 1.2 | C3: =abs(pred_GDP_now!C3-pred_GDP_now!$B3) -> 0.29031935 | D3: =abs(pred_GDP_now!D3-pred_GDP_now!$B3) -> 0.307921 | E3: =abs(pred_GDP_now!E3-pred_GDP_now!$B3) -> 0.35189 | F3: =abs(pred_GDP_now!F3-pred_GDP_now!$B3) -> 0.308037 | H3: =abs(pred_GDP_now!H3-pred_GDP_now!$B3) -> 0.848571 | I3: =abs(pred_GDP_now!I3-pred_GDP_now!$B3) -> 0.13663025 | J3: =abs(pred_GDP_now!J3-pred_GDP_now!$B3) -> 0.13135802 | K3: =abs(pred_GDP_now!K3-pred_GDP_now!$B3) -> 0.067056 | L3: =abs(pred_GDP_now!L3-pred_GDP_now!$B3) -> 0.14879548 | M3: =abs(pred_GDP_now!M3-pred_GDP_now!$B3) -> 0.6181272 | O3: =abs(pred_GDP_now!O3-pred_GDP_now!$B3) -> 0.42730052 | P3: =abs(pred_GDP_now!P3-pred_GDP_now!$B3) -> 0.55421906 | Q3: =abs(pred_GDP_now!Q3-pred_GDP_now!$B3) -> 0.636002 | R3: =abs(pred_GDP_now!R3-pred_GDP_now!$B3) -> 0.066576 | AA3: =abs(pred_GDP_now!AA3-pred_GDP_now!$B3) -> 0.848571 | AB3: =index($C$1:$AA$1, match(min(C3:AA3),C3:AA3,0)) -> OptimARIMA | AC3: =min(C3:AA3) -> 0.066576
A4: 201609 | B4: 0.4 | C4: =abs(pred_GDP_now!C4-pred_GDP_now!$B4) -> 0.15010575 | D4: =abs(pred_GDP_now!D4-pred_GDP_now!$B4) -> 0.241954 | E4: =abs(pred_GDP_now!E4-pred_GDP_now!$B4) -> 0.163895 | F4: =abs(pred_GDP_now!F4-pred_GDP_now!$B4) -> 0.284774 | H4: =abs(pred_GDP_now!H4-pred_GDP_now!$B4) -> 0.536626 | I4: =abs(pred_GDP_now!I4-pred_GDP_now!$B4) -> 0.55351116 | J4: =abs(pred_GDP_now!J4-pred_GDP_now!$B4) -> 0.32645207 | K4: =abs(pred_GDP_now!K4-pred_GDP_now!$B4) -> 0.550103 | L4: =abs(pred_GDP_now!L4-pred_GDP_now!$B4) -> 0.054018464 | M4: =abs(pred_GDP_now!M4-pred_GDP_now!$B4) -> 0.2968781 | O4: =abs(pred_GDP_now!O4-pred_GDP_now!$B4) -> 0.46391836 | P4: =abs(pred_GDP_now!P4-pred_GDP_now!$B4) -> 0.52820132 | Q4: =abs(pred_GDP_now!Q4-pred_GDP_now!$B4) -> 0.192652 | R4: =abs(pred_GDP_now!R4-pred_GDP_now!$B4) -> 0.042873 | AA4: =abs(pred_GDP_now!AA4-pred_GDP_now!$B4) -> 0.536626 | AB4: =index($C$1:$AA$1, match(min(C4:AA4),C4:AA4,0)) -> OptimARIMA | AC4: =min(C4:AA4) -> 0.042873
A5: 201612 | B5: 0.6 | C5: =abs(pred_GDP_now!C5-pred_GDP_now!$B5) -> 0.53103257 | D5: =abs(pred_GDP_now!D5-pred_GDP_now!$B5) -> 0.095008 | E5: =abs(pred_GDP_now!E5-pred_GDP_now!$B5) -> 0.042045 | F5: =abs(pred_GDP_now!F5-pred_GDP_now!$B5) -> 0.112063 | H5: =abs(pred_GDP_now!H5-pred_GDP_now!$B5) -> 0.024246 | I5: =abs(pred_GDP_now!I5-pred_GDP_now!$B5) -> 0.46742764 | J5: =abs(pred_GDP_now!J5-pred_GDP_now!$B5) -> 0.27291485 | K5: =abs(pred_GDP_now!K5-pred_GDP_now!$B5) -> 0.445621 | L5: =abs(pred_GDP_now!L5-pred_GDP_now!$B5) -> 0.6844757 | M5: =abs(pred_GDP_now!M5-pred_GDP_now!$B5) -> 0.36055126 | O5: =abs(pred_GDP_now!O5-pred_GDP_now!$B5) -> 0.13464664 | P5: =abs(pred_GDP_now!P5-pred_GDP_now!$B5) -> 0.49948683 | Q5: =abs(pred_GDP_now!Q5-pred_GDP_now!$B5) -> 0.169816 | R5: =abs(pred_GDP_now!R5-pred_GDP_now!$B5) -> 0.736816 | AA5: =abs(pred_GDP_now!AA5-pred_GDP_now!$B5) -> 0.024246 | AB5: =index($C$1:$AA$1, match(min(C5:AA5),C5:AA5,0)) -> LBVAR | AC5: =min(C5:AA5) -> 0.024246
A6: 201703 | B6: 1 | C6: =abs(pred_GDP_now!C6-pred_GDP_now!$B6) -> 0.077116236 | D6: =abs(pred_GDP_now!D6-pred_GDP_now!$B6) -> 0.119916 | E6: =abs(pred_GDP_now!E6-pred_GDP_now!$B6) -> 0.097867 | F6: =abs(pred_GDP_now!F6-pred_GDP_now!$B6) -> 0.054444 | H6: =abs(pred_GDP_now!H6-pred_GDP_now!$B6) -> 0.352409 | I6: =abs(pred_GDP_now!I6-pred_GDP_now!$B6) -> 0.067023249 | J6: =abs(pred_GDP_now!J6-pred_GDP_now!$B6) -> 0.047909378 | K6: =abs(pred_GDP_now!K6-pred_GDP_now!$B6) -> 0.113357 | L6: =abs(pred_GDP_now!L6-pred_GDP_now!$B6) -> 0.10479047 | M6: =abs(pred_GDP_now!M6-pred_GDP_now!$B6) -> 0.2134948 | O6: =abs(pred_GDP_now!O6-pred_GDP_now!$B6) -> 0.18156685 | P6: =abs(pred_GDP_now!P6-pred_GDP_now!$B6) -> 0.10703433 | Q6: =abs(pred_GDP_now!Q6-pred_GDP_now!$B6) -> 0.074216 | R6: =abs(pred_GDP_now!R6-pred_GDP_now!$B6) -> 0.447208 | AA6: =abs(pred_GDP_now!AA6-pred_GDP_now!$B6) -> 0.352409 | AB6: =index($C$1:$AA$1, match(min(C6:AA6),C6:AA6,0)) -> T-M | AC6: =min(C6:AA6) -> 0.047909378
A7: 201706 | B7: 0.8 | C7: =abs(pred_GDP_now!C7-pred_GDP_now!$B7) -> 0.29163922 | D7: =abs(pred_GDP_now!D7-pred_GDP_now!$B7) -> 0.308525 | E7: =abs(pred_GDP_now!E7-pred_GDP_now!$B7) -> 0.326052 | F7: =abs(pred_GDP_now!F7-pred_GDP_now!$B7) -> 0.215314 | H7: =abs(pred_GDP_now!H7-pred_GDP_now!$B7) -> 0.110721 | I7: =abs(pred_GDP_now!I7-pred_GDP_now!$B7) -> 0.13246572 | J7: =abs(pred_GDP_now!J7-pred_GDP_now!$B7) -> 0.14488392 | K7: =abs(pred_GDP_now!K7-pred_GDP_now!$B7) -> 0.013014 | L7: =abs(pred_GDP_now!L7-pred_GDP_now!$B7) -> 0.22963284 | M7: =abs(pred_GDP_now!M7-pred_GDP_now!$B7) -> 0.00766276 | O7: =abs(pred_GDP_now!O7-pred_GDP_now!$B7) -> 0.0050168622 | P7: =abs(pred_GDP_now!P7-pred_GDP_now!$B7) -> 0.39161153 | Q7: =abs(pred_GDP_now!Q7-pred_GDP_now!$B7) -> 0.145407 | R7: =abs(pred_GDP_now!R7-pred_GDP_now!$B7) -> 0.484572 | AA7: =abs(pred_GDP_now!AA7-pred_GDP_now!$B7) -> 0.110721 | AB7: =index($C$1:$AA$1, match(min(C7:AA7),C7:AA7,0)) -> RF-DVS | AC7: =min(C7:AA7) -> 0.0050168622
A8: 201709 | B8: 1.4 | C8: =abs(pred_GDP_now!C8-pred_GDP_now!$B8) -> 0.66219468 | D8: =abs(pred_GDP_now!D8-pred_GDP_now!$B8) -> 1.112299 | E8: =abs(pred_GDP_now!E8-pred_GDP_now!$B8) -> 1.124247 | F8: =abs(pred_GDP_now!F8-pred_GDP_now!$B8) -> 1.000759 | H8: =abs(pred_GDP_now!H8-pred_GDP_now!$B8) -> 0.430359 | I8: =abs(pred_GDP_now!I8-pred_GDP_now!$B8) -> 0.65654105 | J8: =abs(pred_GDP_now!J8-pred_GDP_now!$B8) -> 0.5652677 | K8: =abs(pred_GDP_now!K8-pred_GDP_now!$B8) -> 0.439868 | L8: =abs(pred_GDP_now!L8-pred_GDP_now!$B8) -> 0.47867011 | M8: =abs(pred_GDP_now!M8-pred_GDP_now!$B8) -> 0.7240981 | O8: =abs(pred_GDP_now!O8-pred_GDP_now!$B8) -> 0.5995487 | P8: =abs(pred_GDP_now!P8-pred_GDP_now!$B8) -> 0.52003791 | Q8: =abs(pred_GDP_now!Q8-pred_GDP_now!$B8) -> 0.687624 | R8: =abs(pred_GDP_now!R8-pred_GDP_now!$B8) -> 0.426198 | AA8: =abs(pred_GDP_now!AA8-pred_GDP_now!$B8) -> 0.430359 | AB8: =index($C$1:$AA$1, match(min(C8:AA8),C8:AA8,0)) -> OptimARIMA | AC8: =min(C8:AA8) -> 0.426198
A9: 201712 | B9: -0.3 | C9: =abs(pred_GDP_now!C9-pred_GDP_now!$B9) -> 1.0100969 | D9: =abs(pred_GDP_now!D9-pred_GDP_now!$B9) -> 1.252379 | E9: =abs(pred_GDP_now!E9-pred_GDP_now!$B9) -> 0.973771 | F9: =abs(pred_GDP_now!F9-pred_GDP_now!$B9) -> 1.195778 | H9: =abs(pred_GDP_now!H9-pred_GDP_now!$B9) -> 1.687553 | I9: =abs(pred_GDP_now!I9-pred_GDP_now!$B9) -> 1.1721196 | J9: =abs(pred_GDP_now!J9-pred_GDP_now!$B9) -> 1.1941604 | K9: =abs(pred_GDP_now!K9-pred_GDP_now!$B9) -> 0.994095 | L9: =abs(pred_GDP_now!L9-pred_GDP_now!$B9) -> 0.81212529 | M9: =abs(pred_GDP_now!M9-pred_GDP_now!$B9) -> 1.0193523 | O9: =abs(pred_GDP_now!O9-pred_GDP_now!$B9) -> 1.0432521 | P9: =abs(pred_GDP_now!P9-pred_GDP_now!$B9) -> 1.098802 | Q9: =abs(pred_GDP_now!Q9-pred_GDP_now!$B9) -> 0.654928 | R9: =abs(pred_GDP_now!R9-pred_GDP_now!$B9) -> 0.778414 | AA9: =abs(pred_GDP_now!AA9-pred_GDP_now!$B9) -> 1.687553 | AB9: =index($C$1:$AA$1, match(min(C9:AA9),C9:AA9,0)) -> LQR | AC9: =min(C9:AA9) -> 0.654928
A10: 201803 | B10: 1.3 | C10: =abs(pred_GDP_now!C10-pred_GDP_now!$B10) -> 0.19200216 | D10: =abs(pred_GDP_now!D10-pred_GDP_now!$B10) -> 0.621278 | E10: =abs(pred_GDP_now!E10-pred_GDP_now!$B10) -> 0.491907 | F10: =abs(pred_GDP_now!F10-pred_GDP_now!$B10) -> 0.590313 | H10: =abs(pred_GDP_now!H10-pred_GDP_now!$B10) -> 0.546515 | I10: =abs(pred_GDP_now!I10-pred_GDP_now!$B10) -> 0.3224736 | J10: =abs(pred_GDP_now!J10-pred_GDP_now!$B10) -> 0.29456204 | K10: =abs(pred_GDP_now!K10-pred_GDP_now!$B10) -> 0.362932 | L10: =abs(pred_GDP_now!L10-pred_GDP_now!$B10) -> 0.085909835 | M10: =abs(pred_GDP_now!M10-pred_GDP_now!$B10) -> 0.49558966 | O10: =abs(pred_GDP_now!O10-pred_GDP_now!$B10) -> 0.18822272 | P10: =abs(pred_GDP_now!P10-pred_GDP_now!$B10) -> 0.58780174 | Q10: =abs(pred_GDP_now!Q10-pred_GDP_now!$B10) -> 0.555678 | R10: =abs(pred_GDP_now!R10-pred_GDP_now!$B10) -> 0.41661 | AA10: =abs(pred_GDP_now!AA10-pred_GDP_now!$B10) -> 0.546515 | AB10: =index($C$1:$AA$1, match(min(C10:AA10),C10:AA10,0)) -> SVR-KNN | AC10: =min(C10:AA10) -> 0.085909835
A11: 201806 | B11: 0.7 | C11: =abs(pred_GDP_now!C11-pred_GDP_now!$B11) -> 0.25959584 | D11: =abs(pred_GDP_now!D11-pred_GDP_now!$B11) -> 0.011343 | E11: =abs(pred_GDP_now!E11-pred_GDP_now!$B11) -> 0.147664 | F11: =abs(pred_GDP_now!F11-pred_GDP_now!$B11) -> 0.001288 | H11: =abs(pred_GDP_now!H11-pred_GDP_now!$B11) -> 0.38374 | I11: =abs(pred_GDP_now!I11-pred_GDP_now!$B11) -> 0.13320853 | J11: =abs(pred_GDP_now!J11-pred_GDP_now!$B11) -> 0.15106983 | K11: =abs(pred_GDP_now!K11-pred_GDP_now!$B11) -> 0.137201 | L11: =abs(pred_GDP_now!L11-pred_GDP_now!$B11) -> 0.12273773 | M11: =abs(pred_GDP_now!M11-pred_GDP_now!$B11) -> 0.0662591 | O11: =abs(pred_GDP_now!O11-pred_GDP_now!$B11) -> 0.2000416 | P11: =abs(pred_GDP_now!P11-pred_GDP_now!$B11) -> 0.61321681 | Q11: =abs(pred_GDP_now!Q11-pred_GDP_now!$B11) -> 0.012101 | R11: =abs(pred_GDP_now!R11-pred_GDP_now!$B11) -> 0.103613 | AA11: =abs(pred_GDP_now!AA11-pred_GDP_now!$B11) -> 0.38374 | AB11: =index($C$1:$AA$1, match(min(C11:AA11),C11:AA11,0)) -> BEM3 | AC11: =min(C11:AA11) -> 0.001288
A12: 201809 | B12: 0.6 | C12: =abs(pred_GDP_now!C12-pred_GDP_now!$B12) -> 0.37109739 | D12: =abs(pred_GDP_now!D12-pred_GDP_now!$B12) -> 0.076312 | E12: =abs(pred_GDP_now!E12-pred_GDP_now!$B12) -> 0.124334 | F12: =abs(pred_GDP_now!F12-pred_GDP_now!$B12) -> 0.028576 | H12: =abs(pred_GDP_now!H12-pred_GDP_now!$B12) -> 0.238222 | I12: =abs(pred_GDP_now!I12-pred_GDP_now!$B12) -> 0.4800163 | J12: =abs(pred_GDP_now!J12-pred_GDP_now!$B12) -> 0.44576878 | K12: =abs(pred_GDP_now!K12-pred_GDP_now!$B12) -> 0.101816 | L12: =abs(pred_GDP_now!L12-pred_GDP_now!$B12) -> 0.004256361 | M12: =abs(pred_GDP_now!M12-pred_GDP_now!$B12) -> 0.25250707 | O12: =abs(pred_GDP_now!O12-pred_GDP_now!$B12) -> 0.019243701 | P12: =abs(pred_GDP_now!P12-pred_GDP_now!$B12) -> 0.085457349 | Q12: =abs(pred_GDP_now!Q12-pred_GDP_now!$B12) -> 0.079213 | R12: =abs(pred_GDP_now!R12-pred_GDP_now!$B12) -> 0.279481 | AA12: =abs(pred_GDP_now!AA12-pred_GDP_now!$B12) -> 0.238222 | AB12: =index($C$1:$AA$1, match(min(C12:AA12),C12:AA12,0)) -> SVR-KNN | AC12: =min(C12:AA12) -> 0.004256361
A13: 201812 | B13: 0.6 | C13: =abs(pred_GDP_now!C13-pred_GDP_now!$B13) -> 0.33410847 | D13: =abs(pred_GDP_now!D13-pred_GDP_now!$B13) -> 0.50306 | E13: =abs(pred_GDP_now!E13-pred_GDP_now!$B13) -> 0.62169 | F13: =abs(pred_GDP_now!F13-pred_GDP_now!$B13) -> 0.354111 | H13: =abs(pred_GDP_now!H13-pred_GDP_now!$B13) -> 0.149574 | I13: =abs(pred_GDP_now!I13-pred_GDP_now!$B13) -> 0.24896726 | J13: =abs(pred_GDP_now!J13-pred_GDP_now!$B13) -> 0.061246055 | K13: =abs(pred_GDP_now!K13-pred_GDP_now!$B13) -> 0.103083 | L13: =abs(pred_GDP_now!L13-pred_GDP_now!$B13) -> 0.14688172 | M13: =abs(pred_GDP_now!M13-pred_GDP_now!$B13) -> 0.54391584 | O13: =abs(pred_GDP_now!O13-pred_GDP_now!$B13) -> 0.53997129 | P13: =abs(pred_GDP_now!P13-pred_GDP_now!$B13) -> 0.1254836 | Q13: =abs(pred_GDP_now!Q13-pred_GDP_now!$B13) -> 0.482321 | R13: =abs(pred_GDP_now!R13-pred_GDP_now!$B13) -> 0.189253 | AA13: =abs(pred_GDP_now!AA13-pred_GDP_now!$B13) -> 0.149574 | AB13: =index($C$1:$AA$1, match(min(C13:AA13),C13:AA13,0)) -> T-M | AC13: =min(C13:AA13) -> 0.061246055
... A29: 202212 | B29: -0.3 | C29: =abs(pred_GDP_now!C29-pred_GDP_now!$B29) -> 0.50932658 | D29: =abs(pred_GDP_now!D29-pred_GDP_now!$B29) -> 0.48486 | E29: =abs(pred_GDP_now!E29-pred_GDP_now!$B29) -> 0.63253 | F29: =abs(pred_GDP_now!F29-pred_GDP_now!$B29) -> 0.25036 | H29: =abs(pred_GDP_now!H29-pred_GDP_now!$B29) -> 0.26236 | I29: =abs(pred_GDP_now!I29-pred_GDP_now!$B29) -> 0.30430739 | J29: =abs(pred_GDP_now!J29-pred_GDP_now!$B29) -> 0.75885565 | K29: =abs(pred_GDP_now!K29-pred_GDP_now!$B29) -> 0.13845 | L29: =abs(pred_GDP_now!L29-pred_GDP_now!$B29) -> 0.34564943 | M29: =abs(pred_GDP_now!M29-pred_GDP_now!$B29) -> 0.28131605 | O29: =abs(pred_GDP_now!O29-pred_GDP_now!$B29) -> 0.45493006 | P29: =abs(pred_GDP_now!P29-pred_GDP_now!$B29) -> 0.58175333 | Q29: =abs(pred_GDP_now!Q29-pred_GDP_now!$B29) -> 0.414974 | R29: =abs(pred_GDP_now!R29-pred_GDP_now!$B29) -> 0.135121 | AA29: =abs(pred_GDP_now!AA29-pred_GDP_now!$B29) -> 0.26236 | AB29: =index($C$1:$AA$1, match(min(C29:AA29),C29:AA29,0)) -> OptimARIMA | AC29: =min(C29:AA29) -> 0.135121
A30: 202303 | B30: 0.3
A32: =average(C32:Q32) -> 0.50994545 | B32: MAE | C32: =AVERAGE(C2:C30) -> 0.55376036 | D32: =AVERAGE(D2:D30) -> 0.42167925 | E32: =AVERAGE(E2:E30) -> 0.41341268 | F32: =AVERAGE(F2:F30) -> 0.47305643 | H32: =AVERAGE(H2:H30) -> 0.82696086 | I32: =AVERAGE(I2:I30) -> 0.47227107 | J32: =AVERAGE(J2:J30) -> 0.53204514 | K32: =AVERAGE(K2:K30) -> 0.52781736 | L32: =AVERAGE(L2:L30) -> 0.35440626 | M32: =AVERAGE(M2:M30) -> 0.60310666 | O32: =AVERAGE(O2:O30) -> 0.52177538 | P32: =AVERAGE(P2:P30) -> 0.50680617 | Q32: =AVERAGE(Q2:Q30) -> 0.42219318 | R32: =AVERAGE(R2:R30) -> 0.42164793 | AA32: =AVERAGE(AA2:AA30) -> 0.82696086 | AC32: =AVERAGE(AC2:AC30) -> 0.10134952
A33: =average(C33:Q33) -> 0.73084234 | B33: RMSE | C33: =(sumsq(C2:C30)/count(C2:C30))^(0.5) -> 0.75321349 | D33: =(sumsq(D2:D30)/count(D2:D30))^(0.5) -> 0.604771 | E33: =(sumsq(E2:E30)/count(E2:E30))^(0.5) -> 0.58938543 | F33: =(sumsq(F2:F30)/count(F2:F30))^(0.5) -> 0.72552047 | H33: =(sumsq(H2:H30)/count(H2:H30))^(0.5) -> 1.2704236 | I33: =(sumsq(I2:I30)/count(I2:I30))^(0.5) -> 0.67387895 | J33: =(sumsq(J2:J30)/count(J2:J30))^(0.5) -> 0.85053963 | K33: =(sumsq(K2:K30)/count(K2:K30))^(0.5) -> 0.7022966 | L33: =(sumsq(L2:L30)/count(L2:L30))^(0.5) -> 0.61407682 | M33: =(sumsq(M2:M30)/count(M2:M30))^(0.5) -> 0.85137452 | O33: =(sumsq(O2:O30)/count(O2:O30))^(0.5) -> 0.7012774 | P33: =(sumsq(P2:P30)/count(P2:P30))^(0.5) -> 0.61556429 | Q33: =(sumsq(Q2:Q30)/count(Q2:Q30))^(0.5) -> 0.54862817 | R33: =(sumsq(R2:R30)/count(R2:R30))^(0.5) -> 0.56687136 | AA33: =(sumsq(AA2:AA30)/count(AA2:AA30))^(0.5) -> 1.2704236 | AC33: =(sumsq(AC2:AC30)/count(AC2:AC30))^(0.5) -> 0.19466758
A34: =average(C34:Q34) -> 2.4347632 | B34: MAX | C34: =MAX(C2:C30) -> 2.4550176 | D34: =MAX(D2:D30) -> 1.74597 | E34: =MAX(E2:E30) -> 1.83879 | F34: =MAX(F2:F30) -> 2.50811 | H34: =MAX(H2:H30) -> 4.82413 | I34: =MAX(I2:I30) -> 2.1191516 | J34: =MAX(J2:J30) -> 3.2533576 | K34: =MAX(K2:K30) -> 2.139619 | L34: =MAX(L2:L30) -> 2.2830904 | M34: =MAX(M2:M30) -> 3.3922768 | O34: =MAX(O2:O30) -> 2.015101 | P34: =MAX(P2:P30) -> 1.6002111 | Q34: =MAX(Q2:Q30) -> 1.477096 | R34: =MAX(R2:R30) -> 1.555817 | AA34: =MAX(AA2:AA30) -> 4.82413 | AC34: =MAX(AC2:AC30) -> 0.654928
A36: =average(C36:Q36) -> 0.56063358 | B36: MAE | C36: =AVERAGE(C7:C30) -> 0.6197166 | D36: =AVERAGE(D7:D30) -> 0.47571117 | E36: =AVERAGE(E7:E30) -> 0.46578165 | F36: =AVERAGE(F7:F30) -> 0.53966065 | H36: =AVERAGE(H7:H30) -> 0.9106937 | I36: =AVERAGE(I7:I30) -> 0.51402404 | J36: =AVERAGE(J7:J30) -> 0.59125369 | K36: =AVERAGE(K7:K30) -> 0.56976457 | L36: =AVERAGE(L7:L30) -> 0.38613831 | M36: =AVERAGE(M7:M30) -> 0.6441372 | O36: =AVERAGE(O7:O30) -> 0.57243903 | P36: =AVERAGE(P7:P30) -> 0.53174065 | Q36: =AVERAGE(Q7:Q30) -> 0.46717522 | R36: =AVERAGE(R7:R30) -> 0.44578848
A37: =average(C37:Q37) -> 0.79084347 | B37: RMSE | C37: =(sumsq(C7:C30)/count(C7:C30))^(0.5) -> 0.81957549 | D37: =(sumsq(D7:D30)/count(D7:D30))^(0.5) -> 0.6611586 | E37: =(sumsq(E7:E30)/count(E7:E30))^(0.5) -> 0.64341723 | F37: =(sumsq(F7:F30)/count(F7:F30))^(0.5) -> 0.7951387 | H37: =(sumsq(H7:H30)/count(H7:H30))^(0.5) -> 1.3809042 | I37: =(sumsq(I7:I30)/count(I7:I30))^(0.5) -> 0.72639682 | J37: =(sumsq(J7:J30)/count(J7:J30))^(0.5) -> 0.9274768 | K37: =(sumsq(K7:K30)/count(K7:K30))^(0.5) -> 0.75306531 | L37: =(sumsq(L7:L30)/count(L7:L30))^(0.5) -> 0.66107527 | M37: =(sumsq(M7:M30)/count(M7:M30))^(0.5) -> 0.91627918 | O37: =(sumsq(O7:O30)/count(O7:O30))^(0.5) -> 0.75944591 | P37: =(sumsq(P7:P30)/count(P7:P30))^(0.5) -> 0.6490421 | Q37: =(sumsq(Q7:Q30)/count(Q7:Q30))^(0.5) -> 0.5879895 | R37: =(sumsq(R7:R30)/count(R7:R30))^(0.5) -> 0.59640542
A38: =average(C38:Q38) -> 2.4347632 | B38: MAX | C38: =MAX(C7:C30) -> 2.4550176 | D38: =MAX(D7:D30) -> 1.74597 | E38: =MAX(E7:E30) -> 1.83879 | F38: =MAX(F7:F30) -> 2.50811 | H38: =MAX(H7:H30) -> 4.82413 | I38: =MAX(I7:I30) -> 2.1191516 | J38: =MAX(J7:J30) -> 3.2533576 | K38: =MAX(K7:K30) -> 2.139619 | L38: =MAX(L7:L30) -> 2.2830904 | M38: =MAX(M7:M30) -> 3.3922768 | O38: =MAX(O7:O30) -> 2.015101 | P38: =MAX(P7:P30) -> 1.6002111 | Q38: =MAX(Q7:Q30) -> 1.477096 | R38: =MAX(R7:R30) -> 1.555817
A40: =average(C40:Q40) -> 0.41542721 | B40: MAE | C40: =AVERAGE(C7:C17) -> 0.38859364 | D40: =AVERAGE(D7:D17) -> 0.43524327 | E40: =AVERAGE(E7:E17) -> 0.45330482 | F40: =AVERAGE(F7:F17) -> 0.42066936 | H40: =AVERAGE(H7:H17) -> 0.55175155 | I40: =AVERAGE(I7:I17) -> 0.37469791 | J40: =AVERAGE(J7:J17) -> 0.36424155 | K40: =AVERAGE(K7:K17) -> 0.31461645 | L40: =AVERAGE(L7:L17) -> 0.22667282 | M40: =AVERAGE(M7:M17) -> 0.51119384 | O40: =AVERAGE(O7:O17) -> 0.39509835 | P40: =AVERAGE(P7:P17) -> 0.5595524 | Q40: =AVERAGE(Q7:Q17) -> 0.40491782 | R40: =AVERAGE(R7:R17) -> 0.32262364
A41: =average(C41:Q41) -> 0.52636206 | B41: RMSE | C41: =(sumsq(C7:C17)/count(C7:C17))^(0.5) -> 0.46949084 | D41: =(sumsq(D7:D17)/count(D7:D17))^(0.5) -> 0.59885048 | E41: =(sumsq(E7:E17)/count(E7:E17))^(0.5) -> 0.56572383 | F41: =(sumsq(F7:F17)/count(F7:F17))^(0.5) -> 0.56011994 | H41: =(sumsq(H7:H17)/count(H7:H17))^(0.5) -> 0.70827436 | I41: =(sumsq(I7:I17)/count(I7:I17))^(0.5) -> 0.49286016 | J41: =(sumsq(J7:J17)/count(J7:J17))^(0.5) -> 0.49208484 | K41: =(sumsq(K7:K17)/count(K7:K17))^(0.5) -> 0.40609181 | L41: =(sumsq(L7:L17)/count(L7:L17))^(0.5) -> 0.32099509 | M41: =(sumsq(M7:M17)/count(M7:M17))^(0.5) -> 0.59581681 | O41: =(sumsq(O7:O17)/count(O7:O17))^(0.5) -> 0.4972551 | P41: =(sumsq(P7:P17)/count(P7:P17))^(0.5) -> 0.65199158 | Q41: =(sumsq(Q7:Q17)/count(Q7:Q17))^(0.5) -> 0.48315192 | R41: =(sumsq(R7:R17)/count(R7:R17))^(0.5) -> 0.38082414
A42: =average(C42:Q42) -> 1.1124757 | B42: MAX | C42: =MAX(C7:C17) -> 1.0100969 | D42: =MAX(D7:D17) -> 1.252379 | E42: =MAX(E7:E17) -> 1.124247 | F42: =MAX(F7:F17) -> 1.195778 | H42: =MAX(H7:H17) -> 1.687553 | I42: =MAX(I7:I17) -> 1.1721196 | J42: =MAX(J7:J17) -> 1.1941604 | K42: =MAX(K7:K17) -> 0.994095 | L42: =MAX(L7:L17) -> 0.81212529 | M42: =MAX(M7:M17) -> 1.0193523 | O42: =MAX(O7:O17) -> 1.0432521 | P42: =MAX(P7:P17) -> 1.1229792 | Q42: =MAX(Q7:Q17) -> 0.834046 | R42: =MAX(R7:R17) -> 0.778414
A44: =average(C44:Q44) -> 0.87686916 | B44: MAE | C44: =AVERAGE(C18:C25) -> 1.0353413 | D44: =AVERAGE(D18:D25) -> 0.63728812 | E44: =AVERAGE(E18:E25) -> 0.55559625 | F44: =AVERAGE(F18:F25) -> 0.85836575 | H44: =AVERAGE(H18:H25) -> 1.6477287 | I44: =AVERAGE(I18:I25) -> 0.88708966 | J44: =AVERAGE(J18:J25) -> 1.0453384 | K44: =AVERAGE(K18:K25) -> 0.94281275 | L44: =AVERAGE(L18:L25) -> 0.6622258 | M44: =AVERAGE(M18:M25) -> 0.99491593 | O44: =AVERAGE(O18:O25) -> 0.95422026 | P44: =AVERAGE(P18:P25) -> 0.58304568 | Q44: =AVERAGE(Q18:Q25) -> 0.59533037 | R44: =AVERAGE(R18:R25) -> 0.7104655
A45: =average(C45:Q45) -> 1.1445069 | B45: RMSE | C45: =(sumsq(C18:C25)/count(C18:C25))^(0.5) -> 1.2374364 | D45: =(sumsq(D18:D25)/count(D18:D25))^(0.5) -> 0.84199186 | E45: =(sumsq(E18:E25)/count(E18:E25))^(0.5) -> 0.82196281 | F45: =(sumsq(F18:F25)/count(F18:F25))^(0.5) -> 1.1648081 | H45: =(sumsq(H18:H25)/count(H18:H25))^(0.5) -> 2.1618384 | I45: =(sumsq(I18:I25)/count(I18:I25))^(0.5) -> 1.0800946 | J45: =(sumsq(J18:J25)/count(J18:J25))^(0.5) -> 1.4344749 | K45: =(sumsq(K18:K25)/count(K18:K25))^(0.5) -> 1.1105166 | L45: =(sumsq(L18:L25)/count(L18:L25))^(0.5) -> 1.0321033 | M45: =(sumsq(M18:M25)/count(M18:M25))^(0.5) -> 1.3663538 | O45: =(sumsq(O18:O25)/count(O18:O25))^(0.5) -> 1.1153118 | P45: =(sumsq(P18:P25)/count(P18:P25))^(0.5) -> 0.74188033 | Q45: =(sumsq(Q18:Q25)/count(Q18:Q25))^(0.5) -> 0.76981742 | R45: =(sumsq(R18:R25)/count(R18:R25))^(0.5) -> 0.88674619
A46: =average(C46:Q46) -> 2.4347632 | B46: MAX | C46: =MAX(C18:C25) -> 2.4550176 | D46: =MAX(D18:D25) -> 1.74597 | E46: =MAX(E18:E25) -> 1.83879 | F46: =MAX(F18:F25) -> 2.50811 | H46: =MAX(H18:H25) -> 4.82413 | I46: =MAX(I18:I25) -> 2.1191516 | J46: =MAX(J18:J25) -> 3.2533576 | K46: =MAX(K18:K25) -> 2.139619 | L46: =MAX(L18:L25) -> 2.2830904 | M46: =MAX(M18:M25) -> 3.3922768 | O46: =MAX(O18:O25) -> 2.015101 | P46: =MAX(P18:P25) -> 1.6002111 | Q46: =MAX(Q18:Q25) -> 1.477096 | R46: =MAX(R18:R25) -> 1.555817
A48: =average(C48:Q48) -> 0.47106878 | B48: MAE | C48: =AVERAGE(C20:C30) -> 0.62633228 | D48: =AVERAGE(D20:D30) -> 0.3112461 | E48: =AVERAGE(E20:E30) -> 0.2734445 | F48: =AVERAGE(F20:F30) -> 0.3796553 | H48: =AVERAGE(H20:H30) -> 0.8473191 | I48: =AVERAGE(I20:I30) -> 0.43177406 | J48: =AVERAGE(J20:J30) -> 0.44147041 | K48: =AVERAGE(K20:K30) -> 0.5957485 | L48: =AVERAGE(L20:L30) -> 0.2572816 | M48: =AVERAGE(M20:M30) -> 0.52210652 | O48: =AVERAGE(O20:O30) -> 0.5447509 | P48: =AVERAGE(P20:P30) -> 0.43103212 | Q48: =AVERAGE(Q20:Q30) -> 0.4617328 | R48: =AVERAGE(R20:R30) -> 0.3815855
A49: =average(C49:Q49) -> 0.58494521 | B49: RMSE | C49: =(sumsq(C20:C30)/count(C20:C30))^(0.5) -> 0.73541156 | D49: =(sumsq(D20:D30)/count(D20:D30))^(0.5) -> 0.37189802 | E49: =(sumsq(E20:E30)/count(E20:E30))^(0.5) -> 0.35912904 | F49: =(sumsq(F20:F30)/count(F20:F30))^(0.5) -> 0.51078896 | H49: =(sumsq(H20:H30)/count(H20:H30))^(0.5) -> 1.1213299 | I49: =(sumsq(I20:I30)/count(I20:I30))^(0.5) -> 0.5809925 | J49: =(sumsq(J20:J30)/count(J20:J30))^(0.5) -> 0.5324212 | K49: =(sumsq(K20:K30)/count(K20:K30))^(0.5) -> 0.65262568 | L49: =(sumsq(L20:L30)/count(L20:L30))^(0.5) -> 0.36863483 | M49: =(sumsq(M20:M30)/count(M20:M30))^(0.5) -> 0.59688062 | O49: =(sumsq(O20:O30)/count(O20:O30))^(0.5) -> 0.681349 | P49: =(sumsq(P20:P30)/count(P20:P30))^(0.5) -> 0.49245761 | Q49: =(sumsq(Q20:Q30)/count(Q20:Q30))^(0.5) -> 0.6003688 | R49: =(sumsq(R20:R30)/count(R20:R30))^(0.5) -> 0.48881408
A50: =average(C50:Q50) -> 1.1346427 | B50: MAX | C50: =MAX(C20:C30) -> 1.4832175 | D50: =MAX(D20:D30) -> 0.664946 | E50: =MAX(E20:E30) -> 0.67414 | F50: =MAX(F20:F30) -> 1.227353 | H50: =MAX(H20:H30) -> 2.095491 | I50: =MAX(I20:I30) -> 1.0715397 | J50: =MAX(J20:J30) -> 0.82362625 | K50: =MAX(K20:K30) -> 1.085918 | L50: =MAX(L20:L30) -> 0.94445274 | M50: =MAX(M20:M30) -> 1.0360466 | O50: =MAX(O20:O30) -> 1.3605084 | P50: =MAX(P20:P30) -> 0.80601951 | Q50: =MAX(Q20:Q30) -> 1.477096 | R50: =MAX(R20:R30) -> 1.2136

Sheet pred_GDP_1qa
B1: GDP(SA) True | C1: DFM | D1: BEM1 | E1: BEM2 | F1: BEM3 | H1: LBVAR | I1: TFM | J1: T-M | K1: VAR | L1: SVR-KNN | M1: CRNN | O1: RF-DVS | P1: S-XGB | Q1: LQR | R1: OptimARIMA | AA1: LBVAR | AB1: optimARIMA
A2: 201603 | B2: 0.3 | C2: 0.73593197 | D2: 0.38427 | E2: 0.328101 | F2: 0.74444596 | K2: 0.371242 | L2: 0.75187639 | O2: 0.74465595 | P2: 1.1203204 | Q2: 0.708422 | R2: 0.577348 | AA2: 0.6398 | AB2: 1.6446949
A3: 201606 | B3: 1.2 | C3: 0.52187155 | D3: 0.681736 | E3: 0.609076 | F3: 0.40930687 | I3: 1.0783565 | J3: 0.98703643 | K3: -0.03484 | L3: 0.8559183 | M3: 0.8 | O3: 0.79073478 | P3: 1.1046937 | Q3: 0.649907 | R3: 0.986338 | AA3: 1.2568389 | AB3: 0.78748451
A4: 201609 | B4: 0.4 | C4: 0.78732432 | D4: 0.452506 | E4: 0.440791 | F4: 0.64712323 | I4: 1.0460137 | J4: 0.88749051 | K4: 0.414438 | L4: 0.50363755 | M4: 0.8 | O4: 0.40579309 | P4: 1.1350501 | Q4: 0.688193 | R4: 1.019892 | AA4: 0.94435378 | AB4: 0.36707634
A5: 201612 | B5: 0.6 | C5: 0.61675774 | D5: 0.463071 | E5: 0.399063 | F5: 0.68147543 | I5: 0.55461577 | J5: 0.66954523 | K5: 0.240202 | L5: 0.69038471 | M5: 0.7 | O5: 0.52938926 | P5: 1.2468637 | Q5: 0.6308 | R5: 0.854478 | AA5: 1.2199876 | AB5: 1.8972464
A6: 201703 | B6: 1 | C6: 1.0896543 | D6: 0.916089 | E6: 0.877486 | F6: 0.78580313 | I6: 1.343074 | J6: 1.0983522 | K6: 0.106919 | L6: 0.18383699 | M6: 0.8 | O6: 0.67762547 | P6: 1.2422222 | Q6: 0.985421 | R6: 1.159281 | AA6: 0.56401608 | AB6: 0.30936758
A7: 201706 | B7: 0.8 | C7: 0.70761799 | D7: 0.469731 | E7: 0.450203 | F7: 0.85792085 | I7: 1.048354 | J7: 1.0806698 | K7: 0.406648 | L7: -0.35810922 | M7: 0.6 | O7: 0.40988534 | P7: 1.0012109 | Q7: 0.778553 | R7: 1.23765 | AA7: 0.84596022 | AB7: 0.14139871
A8: 201709 | B8: 1.4 | C8: 0.92213256 | D8: 0.500708 | E8: 0.449075 | F8: 0.91335548 | I8: 0.58606157 | J8: 0.7163979 | K8: 0.124685 | L8: 0.24672474 | M8: 1.1 | O8: 0.45234102 | P8: 0.91079247 | Q8: 0.84539 | R8: 1.218567 | AA8: 1.2932273 | AB8: 0.26079504
A9: 201712 | B9: -0.3 | C9: 0.97254494 | D9: 0.547752 | E9: 0.462819 | F9: 0.43925516 | I9: 0.98616961 | J9: 1.057514 | K9: 0.084091 | L9: 0.42293774 | M9: 0.9 | O9: 0.50966887 | P9: 1.2477964 | Q9: 0.849378 | R9: 1.120793 | AA9: 0.84576885 | AB9: 0.5862441
A10: 201803 | B10: 1.3 | C10: 0.92490877 | D10: 0.669417 | E10: 0.61394 | F10: 0.97133115 | I10: 0.8376652 | J10: 0.79708186 | K10: 0.206457 | L10: 0.63152276 | M10: 1.1 | O10: 0.66631359 | P10: 0.87301004 | Q10: 0.548781 | R10: 0.772475 | AA10: 0.51491666 | AB10: 1.3107077
A11: 201806 | B11: 0.7 | C11: 0.61097282 | D11: 0.6894 | E11: 0.651112 | F11: 0.5150402 | I11: 0.33402416 | J11: 0.49375286 | K11: 0.271466 | L11: 0.48024403 | M11: 0.6 | O11: 0.57425309 | P11: 0.78232187 | Q11: 0.663451 | R11: 1.002659 | AA11: 0.27791853 | AB11: 0.81178682
A12: 201809 | B12: 0.6 | C12: 1.0481816 | D12: 0.607729 | E12: 0.56543 | F12: 0.79570786 | I12: 1.275236 | J12: 0.92318837 | K12: 0.197968 | L12: 0.642212 | M12: 0.8 | O12: 0.57912777 | P12: 1.4617552 | Q12: 0.606897 | R12: 0.840567 | AA12: 0.9069773 | AB12: 0.47557529
A13: 201812 | B13: 0.6 | C13: 0.54190395 | D13: 0.505337 | E13: 0.446804 | F13: 0.53214375 | I13: 0.33282223 | J13: 0.517625 | K13: 0.0952 | L13: 0.7361881 | M13: 0.7 | O13: 0.51360739 | P13: 0.95077151 | Q13: 0.970054 | R13: 0.714293 | AA13: 1.3453633 | AB13: 0.57263331
A14: 201903 | B14: -0.1 | C14: 0.57776114 | D14: 0.395094 | E14: 0.333607 | F14: 0.24953052 | I14: 0.56220484 | J14: 0.61188152 | K14: -0.1897 | L14: -0.52493723 | M14: 0.7 | O14: 0.68928929 | P14: 0.61862594 | Q14: 0.662429 | R14: 0.534452 | AA14: 0.18439465 | AB14: 1.0623531
... A30: 202303 | B30: 0.3 | C30: 0.62314627 | D30: 0.399041 | E30: 0.324923 | F30: -0.28481035 | I30: 0.076076883 | J30: 0.63269518 | K30: -0.17197 | L30: 0.89374155 | M30: 0.5 | O30: 0.76027145 | P30: 0.39814344 | Q30: 0.387704 | R30: 0.520642 | AA30: 0.5317176 | AB30: 1.9840623
A31: 202306 | C31: -0.562511 | D31: 0.567574 | E31: 0.555144 | F31: 0.35116769 | L31: 0.81325581 | O31: 0.85283145 | P31: 1.1244477
A32: 202309
A33: 202312
A34: 202403

Sheet err_GDP_1qa
B1: GDP(SA) True | C1: DFM | D1: BEM1 | E1: BEM2 | F1: BEM3 | H1: LBVAR | I1: TFM | J1: T-M | K1: VAR | L1: SVR-KNN | M1: CRNN | O1: RF-DVS | P1: S-XGB | Q1: LQR | R1: OptimARIMA | AA1: TEXT | AB1: MIN_item | AC1: MIN
A2: 201603 | B2: 0.3 | AB2: =index($C$1:$AA$1, match(min(C2:AA2),C2:AA2,0)) -> #N/A | AC2: =min(C2:AA2) -> 0
A3: 201606 | B3: 1.2 | C3: =abs(pred_GDP_1qa!C3-pred_GDP_1qa!$B3) -> 0.67812845 | D3: =abs(pred_GDP_1qa!D3-pred_GDP_1qa!$B3) -> 0.518264 | E3: =abs(pred_GDP_1qa!E3-pred_GDP_1qa!$B3) -> 0.590924 | F3: =abs(pred_GDP_1qa!F3-pred_GDP_1qa!$B3) -> 0.79069313 | I3: =abs(pred_GDP_1qa!I3-pred_GDP_1qa!$B3) -> 0.1216435 | J3: =abs(pred_GDP_1qa!J3-pred_GDP_1qa!$B3) -> 0.21296357 | K3: =abs(pred_GDP_1qa!K3-pred_GDP_1qa!$B3) -> 1.23484 | L3: =abs(pred_GDP_1qa!L3-pred_GDP_1qa!$B3) -> 0.3440817 | M3: =abs(pred_GDP_1qa!M3-pred_GDP_1qa!$B3) -> 0.4 | O3: =abs(pred_GDP_1qa!O3-pred_GDP_1qa!$B3) -> 0.40926522 | P3: =abs(pred_GDP_1qa!P3-pred_GDP_1qa!$B3) -> 0.095306349 | Q3: =abs(pred_GDP_1qa!Q3-pred_GDP_1qa!$B3) -> 0.550093 | R3: =abs(pred_GDP_1qa!R3-pred_GDP_1qa!$B3) -> 0.213662 | AA3: =abs(pred_GDP_1qa!AA3-pred_GDP_1qa!$B3) -> 0.056838889 | AB3: =index($C$1:$AA$1, match(min(C3:AA3),C3:AA3,0)) -> TEXT | AC3: =min(C3:AA3) -> 0.056838889
