Workbook

Sheet pred_GDP_now
B1: GDP(SA) True | C1: DFM | D1: BEM1 | E1: BEM2 | F1: BEM3 | G1: LBVAR | H1: TFM | I1: T-M | J1: VAR | K1: SVR-KNN | L1: CRNN | M1: RF-DVS | N1: S-XGB | O1: LQR | P1: OptimARIMA | R1: Avg | S1: Med | T1: AdaMSM | U1: DQS | V1: BMA | W1: DMA | X1: LOP | Y1: AFTER | Z1: DQS_Mk2
A2: 39508 | B2: 0.8 | C2: =NA() -> #N/A | D2: 1.1947402 | E2: 1.2456576 | F2: =NA() -> #N/A | G2: =NA() -> #N/A | H2: =NA() -> #N/A | I2: =NA() -> #N/A | J2: =NA() -> #N/A | K2: 1.0457768 | L2: =NA() -> #N/A | M2: 1.556403 | N2: 1.4444939 | O2: 1.1961049 | P2: 1.0611823 | R2: 1.2491941 | S2: 1.1961049 | T2: 1.2491941 | U2: 1.1961049 | V2: 1.2491941 | W2: 1.2491941 | X2: 1.2491941 | Y2: 1.2491941 | Z2: 1.2491941
A3: 39600 | B3: 0.4 | C3: =NA() -> #N/A | D3: 0.64868951 | E3: 0.69556962 | F3: =NA() -> #N/A | G3: =NA() -> #N/A | H3: =NA() -> #N/A | I3: =NA() -> #N/A | J3: =NA() -> #N/A | K3: 1.3910401 | L3: =NA() -> #N/A | M3: 0.82049324 | N3: 1.3672147 | O3: 1.411327 | P3: 2.4287457 | R3: 1.2518685 | S3: 1.3672147 | T3: 1.2518685 | U3: 1.4109398 | V3: 1.2518685 | W3: 1.2518685 | X3: 1.2518685 | Y3: 1.2518685 | Z3: 2.4287457
A4: 39692 | B4: 0.7 | C4: =NA() -> #N/A | D4: 1.1391836 | E4: 0.93274087 | F4: =NA() -> #N/A | G4: =NA() -> #N/A | H4: =NA() -> #N/A | I4: =NA() -> #N/A | J4: =NA() -> #N/A | K4: 1.0273119 | L4: =NA() -> #N/A | M4: 1.0254846 | N4: 1.3194889 | O4: 0.20428168 | P4: 2.1428597 | R4: 1.1130502 | S4: 1.0273119 | T4: 1.1130502 | U4: 1.0273119 | V4: 1.1130502 | W4: 1.1130502 | X4: 1.1130502 | Y4: 1.1130502 | Z4: 1.1130502
A5: 39783 | B5: -3.4 | C5: =NA() -> #N/A | D5: 1.0015324 | E5: 1.4010616 | F5: =NA() -> #N/A | G5: =NA() -> #N/A | H5: =NA() -> #N/A | I5: =NA() -> #N/A | J5: =NA() -> #N/A | K5: 0.38668635 | L5: =NA() -> #N/A | M5: 0.70541631 | N5: 1.284721 | O5: -4.5791405 | P5: -1.8814784 | R5: -0.2401716 | S5: 0.70541631 | T5: -0.2401716 | U5: -4.5791405 | V5: -0.2401716 | W5: -0.2401716 | X5: -0.2401716 | Y5: -0.2401716 | Z5: -4.5791405
A6: 39873 | B6: 0.3 | C6: =NA() -> #N/A | D6: 0.81367567 | E6: 3.5150609 | F6: =NA() -> #N/A | G6: =NA() -> #N/A | H6: =NA() -> #N/A | I6: =NA() -> #N/A | J6: =NA() -> #N/A | K6: 0.13446244 | L6: =NA() -> #N/A | M6: 0.36423815 | N6: 0.15965162 | O6: -0.3512052 | P6: 0.46065137 | R6: 0.72807641 | S6: 0.36423815 | T6: 0.13446244 | U6: 0.36423815 | V6: 0.5689414 | W6: 0.57711646 | X6: 0.21474349 | Y6: -0.1462854 | Z6: 0.36423815
A7: 39965 | B7: 1.4 | C7: =NA() -> #N/A | D7: 3.7425847 | E7: 1.8906278 | F7: =NA() -> #N/A | G7: =NA() -> #N/A | H7: =NA() -> #N/A | I7: =NA() -> #N/A | J7: =NA() -> #N/A | K7: 2.4907175 | L7: =NA() -> #N/A | M7: 1.4522385 | N7: 1.2717134 | O7: 2.3790556 | P7: 3.0218194 | R7: 2.321251 | S7: 2.3790556 | T7: 2.3790556 | U7: 2.3790556 | V7: 2.3674381 | W7: 2.365237 | X7: 2.429861 | Y7: 2.4937862 | Z7: 2.3790556
A8: 40057 | B8: 3.1 | C8: =NA() -> #N/A | D8: 3.4755381 | E8: 1.9014273 | F8: =NA() -> #N/A | G8: =NA() -> #N/A | H8: =NA() -> #N/A | I8: =NA() -> #N/A | J8: =NA() -> #N/A | K8: 1.7312036 | L8: =NA() -> #N/A | M8: 1.3394019 | N8: 1.2703278 | O8: 1.1996164 | P8: 1.7568839 | R8: 1.8106284 | S8: 1.7312036 | T8: 1.3394019 | U8: 1.7312036 | V8: 1.7548263 | W8: 1.7576416 | X8: 1.5309012 | Y8: 1.3650825 | Z8: 1.3538255
A9: 40148 | B9: 0.7 | C9: =NA() -> #N/A | D9: 3.1672886 | E9: 3.2175471 | F9: =NA() -> #N/A | G9: =NA() -> #N/A | H9: =NA() -> #N/A | I9: =NA() -> #N/A | J9: =NA() -> #N/A | K9: 1.9935973 | L9: =NA() -> #N/A | M9: 1.8420645 | N9: 1.3675604 | O9: 0.72123799 | P9: 1.4138471 | R9: 1.960449 | S9: 1.8420645 | T9: 1.4138471 | U9: 2.6829218 | V9: 1.8396348 | W9: 1.845655 | X9: 1.5394408 | Y9: 1.105101 | Z9: 1.8440181
A10: 40238 | B10: 2.3 | C10: =NA() -> #N/A | D10: 2.3588161 | E10: 1.4992842 | F10: =NA() -> #N/A | G10: =NA() -> #N/A | H10: =NA() -> #N/A | I10: =NA() -> #N/A | J10: =NA() -> #N/A | K10: 1.7365141 | L10: =NA() -> #N/A | M10: 1.2300782 | N10: 1.3492661 | O10: 0.54546543 | P10: 2.0529231 | R10: 1.5389067 | S10: 1.4992842 | T10: 1.2300782 | U10: 1.4992842 | V10: 1.4896579 | W10: 1.4919092 | X10: 1.4522138 | Y10: 1.4112935 | Z10: 1.4919092
A11: 40330 | B11: 1.6 | C11: =NA() -> #N/A | D11: 2.1329529 | E11: 1.7069008 | F11: =NA() -> #N/A | G11: =NA() -> #N/A | H11: =NA() -> #N/A | I11: =NA() -> #N/A | J11: =NA() -> #N/A | K11: 1.5411941 | L11: =NA() -> #N/A | M11: 1.3947076 | N11: 0.94549233 | O11: 2.1155104 | P11: 2.1722121 | R11: 1.7155671 | S11: 1.7069008 | T11: 1.3947076 | U11: 1.7069008 | V11: 1.5939329 | W11: 1.598282 | X11: 1.6464408 | Y11: 1.60787 | Z11: 1.6464408
A12: 40422 | B12: 1 | C12: =NA() -> #N/A | D12: 1.3204277 | E12: 1.3183402 | F12: =NA() -> #N/A | G12: =NA() -> #N/A | H12: =NA() -> #N/A | I12: =NA() -> #N/A | J12: =NA() -> #N/A | K12: 1.6035282 | L12: =NA() -> #N/A | M12: 1.4833219 | N12: 1.5210446 | O12: 0.3282036 | P12: 0.49221942 | R12: 1.1524408 | S12: 1.3204277 | T12: 1.3204277 | U12: 1.3200241 | V12: 1.0198796 | W12: 1.0304991 | X12: 1.1033373 | Y12: 1.1146719 | Z12: 1.2960291
A13: 40513 | B13: 1.4 | C13: =NA() -> #N/A | D13: 1.2544787 | E13: 1.3306952 | F13: =NA() -> #N/A | G13: =NA() -> #N/A | H13: =NA() -> #N/A | I13: =NA() -> #N/A | J13: =NA() -> #N/A | K13: 1.4745873 | L13: =NA() -> #N/A | M13: 1.3243122 | N13: 1.2558136 | O13: 1.5104876 | P13: 1.1844297 | R13: 1.3335435 | S13: 1.3243122 | T13: 1.2558136 | U13: 1.3243122 | V13: 1.314293 | W13: 1.3156678 | X13: 1.3052357 | Y13: 1.3233161 | Z13: 1.3233161
... A33: 42339 | B33: 0.8 | C33: =NA() -> #N/A | D33: 1.4537798 | E33: 1.3268605 | F33: =NA() -> #N/A | G33: =NA() -> #N/A | H33: =NA() -> #N/A | I33: =NA() -> #N/A | J33: =NA() -> #N/A | K33: 0.80523548 | L33: =NA() -> #N/A | M33: 1.5372204 | N33: 0.75382519 | O33: 0.55163338 | P33: 0.74893733 | R33: 1.025356 | S33: 0.80523548 | T33: 0.75382519 | U33: 0.90106284 | V33: 0.96022079 | W33: 0.97029684 | X33: 1.0662204 | Y33: 1.0446593 | Z33: 0.96440213
A34: 42430 | B34: 0.3 | C34: 0.096765505 | D34: 0.199137 | E34: 0.09312 | F34: 0.225933 | G34: 0.747097 | H34: 0.47644454 | I34: 0.81979479 | J34: 0.798164 | K34: 0.35011399 | L34: -0.28277946 | M34: 0.5361807 | N34: 0.57159632 | O34: 0.303693 | P34: 0.040466 | R34: 0.32527918 | S34: 0.303693 | T34: 0.32527918 | U34: 0.303693 | V34: 0.32527918 | W34: 0.32527918 | X34: 0.32527918 | Y34: 0.32527918 | Z34: 0.32527918
A35: 42522 | B35: 1.2 | C35: 0.90968065 | D35: 0.892079 | E35: 0.84811 | F35: 0.891963 | G35: 0.351429 | H35: 1.0633698 | I35: 1.068642 | J35: 1.132944 | K35: 1.0512045 | L35: 0.5818728 | M35: 0.77269948 | N35: 1.7542191 | O35: 0.563998 | P35: 1.266576 | R35: 0.98441217 | S35: 0.90968065 | T35: 0.98441217 | U35: 0.90968065 | V35: 0.98441217 | W35: 0.98441217 | X35: 0.98441217 | Y35: 0.98441217 | Z35: 0.98441217
A36: 42614 | B36: 0.4 | C36: 0.55010575 | D36: 0.641954 | E36: 0.563895 | F36: 0.684774 | G36: 0.936626 | H36: 0.95351116 | I36: 0.72645207 | J36: 0.950103 | K36: 0.45401846 | L36: 0.6968781 | M36: 0.86391836 | N36: 0.92820132 | O36: 0.592652 | P36: 0.442873 | R36: 0.69610279 | S36: 0.684774 | T36: 0.69610279 | U36: 0.684774 | V36: 0.69610279 | W36: 0.69610279 | X36: 0.69610279 | Y36: 0.69610279 | Z36: 0.69610279
A37: 42705 | B37: 0.6 | C37: 1.1310326 | D37: 0.695008 | E37: 0.642045 | F37: 0.712063 | G37: 0.575754 | H37: 1.0674276 | I37: 0.87291485 | J37: 1.045621 | K37: 1.2844757 | L37: 0.96055126 | M37: 0.73464664 | N37: 1.0994868 | O37: 0.769816 | P37: 1.336816 | R37: 0.9501465 | S37: 0.96055126 | T37: 0.9501465 | U37: 0.96611873 | V37: 0.9501465 | W37: 0.9501465 | X37: 0.9501465 | Y37: 0.9501465 | Z37: 0.9501465
A38: 42795 | B38: 1 | C38: 1.0771162 | D38: 1.119916 | E38: 1.097867 | F38: 1.054444 | G38: 0.647591 | H38: 1.0670232 | I38: 1.0479094 | J38: 1.113357 | K38: 1.1047905 | L38: 1.2134948 | M38: 0.81843315 | N38: 0.89296567 | O38: 1.074216 | P38: 1.447208 | R38: 1.0868262 | S38: 1.0771162 | T38: 1.097867 | U38: 1.0771162 | V38: 1.0980267 | W38: 1.0974688 | X38: 1.0845399 | Y38: 1.0862652 | Z38: 1.0862652
A39: 42887 | B39: 0.8 | C39: 0.50836078 | D39: 1.108525 | E39: 1.126052 | F39: 1.015314 | G39: 0.689279 | H39: 0.93246572 | I39: 0.94488392 | J39: 0.786986 | K39: 1.0296328 | L39: 0.79233724 | M39: 0.79498314 | N39: 1.1916115 | O39: 0.945407 | P39: 1.284572 | R39: 0.95854855 | S39: 0.945407 | T39: 1.108525 | U39: 0.94537621 | V39: 1.0866444 | W39: 1.0808499 | X39: 0.9790543 | Y39: 0.95738066 | Z39: 0.95818729
A40: 42979 | B40: 1.4 | C40: 0.73780532 | D40: 0.287701 | E40: 0.275753 | F40: 0.399241 | G40: 0.969641 | H40: 0.74345895 | I40: 0.8347323 | J40: 0.960132 | K40: 0.92132989 | L40: 0.6759019 | M40: 0.8004513 | N40: 0.87996209 | O40: 0.712376 | P40: 0.973802 | R40: 0.7078959 | S40: 0.74345895 | T40: 0.399241 | U40: 0.74318133 | V40: 0.58720327 | W40: 0.58142049 | X40: 0.61289061 | Y40: 0.69813166 | Z40: 0.71152967
A41: 43070 | B41: -0.3 | C41: 0.71009689 | D41: 0.952379 | E41: 0.673771 | F41: 0.895778 | G41: 1.387553 | H41: 0.8721196 | I41: 0.89416043 | J41: 0.694095 | K41: 0.51212529 | L41: 0.71935225 | M41: 0.74325214 | N41: 0.79880202 | O41: 0.354928 | P41: 0.478414 | R41: 0.71532874 | S41: 0.71935225 | T41: 0.74325214 | U41: 0.71935225 | V41: 0.75251333 | W41: 0.74937934 | X41: 0.7132568 | Y41: 0.71400401 | Z41: 0.71935225
A42: 43160 | B42: 1.3 | C42: 1.1079978 | D42: 0.678722 | E42: 0.808093 | F42: 0.709687 | G42: 0.753485 | H42: 0.9775264 | I42: 1.005438 | J42: 0.937068 | K42: 1.2140902 | L42: 0.80441034 | M42: 1.1117773 | N42: 0.71219826 | O42: 0.744322 | P42: 1.71661 | R42: 0.96368771 | S42: 0.937068 | T42: 0.937068 | U42: 0.94560367 | V42: 1.0210363 | W42: 1.0237181 | X42: 1.0014472 | Y42: 0.98223433 | Z42: 0.97200446
A43: 43252 | B43: 0.7 | C43: 0.95959584 | D43: 0.711343 | E43: 0.552336 | F43: 0.701288 | G43: 0.31626 | H43: 0.56679147 | I43: 0.54893017 | J43: 0.837201 | K43: 0.57726227 | L43: 0.6337409 | M43: 0.4999584 | N43: 1.3132168 | O43: 0.687899 | P43: 0.596387 | R43: 0.70661153 | S43: 0.6337409 | T43: 0.57726227 | U43: 0.6337409 | V43: 0.63579413 | W43: 0.63936105 | X43: 0.69712196 | Y43: 0.70426567 | Z43: 0.63579413
A44: 43344 | B44: 0.6 | C44: 0.97109739 | D44: 0.523688 | E44: 0.475666 | F44: 0.571424 | G44: 0.361778 | H44: 1.0800163 | I44: 1.0457688 | J44: 0.701816 | K44: 0.60425636 | L44: 0.34749293 | M44: 0.5807563 | N44: 0.68545735 | O44: 0.679213 | P44: 0.320519 | R44: 0.66055165 | S44: 0.60425636 | T44: 0.60425636 | U44: 0.60358392 | V44: 0.54214351 | W44: 0.54701743 | X44: 0.64770977 | Y44: 0.66038021 | Z44: 0.60425636
A45: 43435 | B45: 0.6 | C45: 0.26589153 | D45: 0.09694 | E45: -0.02169 | F45: 0.245889 | G45: 0.749574 | H45: 0.35103274 | I45: 0.66124605 | J45: 0.703083 | K45: 0.45311828 | L45: 0.056084156 | M45: 1.1399713 | N45: 0.7254836 | O45: 0.117679 | P45: 0.410747 | R45: 0.4004212 | S45: 0.35103274 | T45: 0.45311828 | U45: 0.33069878 | V45: 0.34764699 | W45: 0.35280777 | X45: 0.39586062 | Y45: 0.39999538 | Z45: 0.35146441
... A61: 44896 | B61: -0.3 | C61: -0.80932658 | D61: -0.78486 | E61: -0.93253 | F61: -0.55036 | G61: -0.03764 | H61: 0.004307387 | I61: 0.45885565 | J61: -0.43845 | K61: 0.045649434 | L61: -0.58131605 | M61: 0.15493006 | N61: 0.28175333 | O61: -0.714974 | P61: -0.435121 | R61: -0.33088014 | S61: -0.43845 | T61: -0.78486 | U61: -0.5460993 | V61: -0.66991821 | W61: -0.66253581 | X61: -0.41945348 | Y61: -0.33263048 | Z61: -0.51199164
C62: .

Sheet error_now
B1: GDP(SA) True | C1: DFM | D1: BEM1 | E1: BEM2 | F1: BEM3 | G1: LBVAR | H1: TFM | I1: T-M | J1: VAR | K1: SVR-KNN | L1: CRNN | M1: RF-DVS | N1: S-XGB | O1: LQR | P1: OptimARIMA | R1: Avg | S1: Med | T1: AdaMSM | U1: DQS | V1: BMA | W1: DMA | X1: LOP | Y1: AFTER | Z1: DQS_Mk2
A2: 39508 | B2: 0.8 | C2: =ABS(pred_GDP_now!C2-pred_GDP_now!$B2) -> #N/A | D2: =ABS(pred_GDP_now!D2-pred_GDP_now!$B2) -> 0.3947402 | E2: =ABS(pred_GDP_now!E2-pred_GDP_now!$B2) -> 0.44565759 | F2: =ABS(pred_GDP_now!F2-pred_GDP_now!$B2) -> #N/A | G2: =ABS(pred_GDP_now!G2-pred_GDP_now!$B2) -> #N/A | H2: =ABS(pred_GDP_now!H2-pred_GDP_now!$B2) -> #N/A | I2: =ABS(pred_GDP_now!I2-pred_GDP_now!$B2) -> #N/A | J2: =ABS(pred_GDP_now!J2-pred_GDP_now!$B2) -> #N/A | ... P2: =ABS(pred_GDP_now!P2-pred_GDP_now!$B2) -> 0.26118233 | R2: =ABS(pred_GDP_now!R2-pred_GDP_now!$B2) -> 0.44919411 | S2: =ABS(pred_GDP_now!S2-pred_GDP_now!$B2) -> 0.39610491 | T2: =ABS(pred_GDP_now!T2-pred_GDP_now!$B2) -> 0.44919411 | U2: =ABS(pred_GDP_now!U2-pred_GDP_now!$B2) -> 0.39610491 | V2: =ABS(pred_GDP_now!V2-pred_GDP_now!$B2) -> 0.44919411 | W2: =ABS(pred_GDP_now!W2-pred_GDP_now!$B2) -> 0.44919411 | X2: =ABS(pred_GDP_now!X2-pred_GDP_now!$B2) -> 0.44919411 | Y2: =ABS(pred_GDP_now!Y2-pred_GDP_now!$B2) -> 0.44919411 | Z2: =ABS(pred_GDP_now!Z2-pred_GDP_now!$B2) -> 0.44919411
A3: 39600 | B3: 0.4 | C3: =ABS(pred_GDP_now!C3-pred_GDP_now!$B3) -> #N/A | D3: =ABS(pred_GDP_now!D3-pred_GDP_now!$B3) -> 0.24868951 | E3: =ABS(pred_GDP_now!E3-pred_GDP_now!$B3) -> 0.29556962 | F3: =ABS(pred_GDP_now!F3-pred_GDP_now!$B3) -> #N/A | G3: =ABS(pred_GDP_now!G3-pred_GDP_now!$B3) -> #N/A | H3: =ABS(pred_GDP_now!H3-pred_GDP_now!$B3) -> #N/A | I3: =ABS(pred_GDP_now!I3-pred_GDP_now!$B3) -> #N/A | J3: =ABS(pred_GDP_now!J3-pred_GDP_now!$B3) -> #N/A | ... P3: =ABS(pred_GDP_now!P3-pred_GDP_now!$B3) -> 2.0287457 | R3: =ABS(pred_GDP_now!R3-pred_GDP_now!$B3) -> 0.85186855 | S3: =ABS(pred_GDP_now!S3-pred_GDP_now!$B3) -> 0.96721468 | T3: =ABS(pred_GDP_now!T3-pred_GDP_now!$B3) -> 0.85186855 | U3: =ABS(pred_GDP_now!U3-pred_GDP_now!$B3) -> 1.0109398 | V3: =ABS(pred_GDP_now!V3-pred_GDP_now!$B3) -> 0.85186855 | W3: =ABS(pred_GDP_now!W3-pred_GDP_now!$B3) -> 0.85186855 | X3: =ABS(pred_GDP_now!X3-pred_GDP_now!$B3) -> 0.85186855 | Y3: =ABS(pred_GDP_now!Y3-pred_GDP_now!$B3) -> 0.85186855 | Z3: =ABS(pred_GDP_now!Z3-pred_GDP_now!$B3) -> 2.0287457
A4: 39692 | B4: 0.7 | C4: =ABS(pred_GDP_now!C4-pred_GDP_now!$B4) -> #N/A | D4: =ABS(pred_GDP_now!D4-pred_GDP_now!$B4) -> 0.43918357 | E4: =ABS(pred_GDP_now!E4-pred_GDP_now!$B4) -> 0.23274087 | F4: =ABS(pred_GDP_now!F4-pred_GDP_now!$B4) -> #N/A | G4: =ABS(pred_GDP_now!G4-pred_GDP_now!$B4) -> #N/A | H4: =ABS(pred_GDP_now!H4-pred_GDP_now!$B4) -> #N/A | I4: =ABS(pred_GDP_now!I4-pred_GDP_now!$B4) -> #N/A | J4: =ABS(pred_GDP_now!J4-pred_GDP_now!$B4) -> #N/A | ... P4: =ABS(pred_GDP_now!P4-pred_GDP_now!$B4) -> 1.4428597 | R4: =ABS(pred_GDP_now!R4-pred_GDP_now!$B4) -> 0.41305016 | S4: =ABS(pred_GDP_now!S4-pred_GDP_now!$B4) -> 0.32731186 | T4: =ABS(pred_GDP_now!T4-pred_GDP_now!$B4) -> 0.41305016 | U4: =ABS(pred_GDP_now!U4-pred_GDP_now!$B4) -> 0.32731186 | V4: =ABS(pred_GDP_now!V4-pred_GDP_now!$B4) -> 0.41305016 | W4: =ABS(pred_GDP_now!W4-pred_GDP_now!$B4) -> 0.41305016 | X4: =ABS(pred_GDP_now!X4-pred_GDP_now!$B4) -> 0.41305016 | Y4: =ABS(pred_GDP_now!Y4-pred_GDP_now!$B4) -> 0.41305016 | Z4: =ABS(pred_GDP_now!Z4-pred_GDP_now!$B4) -> 0.41305016
A5: 39783 | B5: -3.4 | C5: =ABS(pred_GDP_now!C5-pred_GDP_now!$B5) -> #N/A | D5: =ABS(pred_GDP_now!D5-pred_GDP_now!$B5) -> 4.4015324 | E5: =ABS(pred_GDP_now!E5-pred_GDP_now!$B5) -> 4.8010616 | F5: =ABS(pred_GDP_now!F5-pred_GDP_now!$B5) -> #N/A | G5: =ABS(pred_GDP_now!G5-pred_GDP_now!$B5) -> #N/A | H5: =ABS(pred_GDP_now!H5-pred_GDP_now!$B5) -> #N/A | I5: =ABS(pred_GDP_now!I5-pred_GDP_now!$B5) -> #N/A | J5: =ABS(pred_GDP_now!J5-pred_GDP_now!$B5) -> #N/A | ... P5: =ABS(pred_GDP_now!P5-pred_GDP_now!$B5) -> 1.5185216 | R5: =ABS(pred_GDP_now!R5-pred_GDP_now!$B5) -> 3.1598284 | S5: =ABS(pred_GDP_now!S5-pred_GDP_now!$B5) -> 4.1054163 | T5: =ABS(pred_GDP_now!T5-pred_GDP_now!$B5) -> 3.1598284 | U5: =ABS(pred_GDP_now!U5-pred_GDP_now!$B5) -> 1.1791405 | V5: =ABS(pred_GDP_now!V5-pred_GDP_now!$B5) -> 3.1598284 | W5: =ABS(pred_GDP_now!W5-pred_GDP_now!$B5) -> 3.1598284 | X5: =ABS(pred_GDP_now!X5-pred_GDP_now!$B5) -> 3.1598284 | Y5: =ABS(pred_GDP_now!Y5-pred_GDP_now!$B5) -> 3.1598284 | Z5: =ABS(pred_GDP_now!Z5-pred_GDP_now!$B5) -> 1.1791405
A6: 39873 | B6: 0.3 | C6: =ABS(pred_GDP_now!C6-pred_GDP_now!$B6) -> #N/A | D6: =ABS(pred_GDP_now!D6-pred_GDP_now!$B6) -> 0.51367567 | E6: =ABS(pred_GDP_now!E6-pred_GDP_now!$B6) -> 3.2150609 | F6: =ABS(pred_GDP_now!F6-pred_GDP_now!$B6) -> #N/A | G6: =ABS(pred_GDP_now!G6-pred_GDP_now!$B6) -> #N/A | H6: =ABS(pred_GDP_now!H6-pred_GDP_now!$B6) -> #N/A | I6: =ABS(pred_GDP_now!I6-pred_GDP_now!$B6) -> #N/A | J6: =ABS(pred_GDP_now!J6-pred_GDP_now!$B6) -> #N/A | ... P6: =ABS(pred_GDP_now!P6-pred_GDP_now!$B6) -> 0.16065137 | R6: =ABS(pred_GDP_now!R6-pred_GDP_now!$B6) -> 0.42807641 | S6: =ABS(pred_GDP_now!S6-pred_GDP_now!$B6) -> 0.064238147 | T6: =ABS(pred_GDP_now!T6-pred_GDP_now!$B6) -> 0.16553756 | U6: =ABS(pred_GDP_now!U6-pred_GDP_now!$B6) -> 0.064238147 | V6: =ABS(pred_GDP_now!V6-pred_GDP_now!$B6) -> 0.2689414 | W6: =ABS(pred_GDP_now!W6-pred_GDP_now!$B6) -> 0.27711646 | X6: =ABS(pred_GDP_now!X6-pred_GDP_now!$B6) -> 0.085256508 | Y6: =ABS(pred_GDP_now!Y6-pred_GDP_now!$B6) -> 0.4462854 | Z6: =ABS(pred_GDP_now!Z6-pred_GDP_now!$B6) -> 0.064238147
A7: 39965 | B7: 1.4 | C7: =ABS(pred_GDP_now!C7-pred_GDP_now!$B7) -> #N/A | D7: =ABS(pred_GDP_now!D7-pred_GDP_now!$B7) -> 2.3425847 | E7: =ABS(pred_GDP_now!E7-pred_GDP_now!$B7) -> 0.49062785 | F7: =ABS(pred_GDP_now!F7-pred_GDP_now!$B7) -> #N/A | G7: =ABS(pred_GDP_now!G7-pred_GDP_now!$B7) -> #N/A | H7: =ABS(pred_GDP_now!H7-pred_GDP_now!$B7) -> #N/A | I7: =ABS(pred_GDP_now!I7-pred_GDP_now!$B7) -> #N/A | J7: =ABS(pred_GDP_now!J7-pred_GDP_now!$B7) -> #N/A | ... P7: =ABS(pred_GDP_now!P7-pred_GDP_now!$B7) -> 1.6218194 | R7: =ABS(pred_GDP_now!R7-pred_GDP_now!$B7) -> 0.92125097 | S7: =ABS(pred_GDP_now!S7-pred_GDP_now!$B7) -> 0.97905557 | T7: =ABS(pred_GDP_now!T7-pred_GDP_now!$B7) -> 0.97905557 | U7: =ABS(pred_GDP_now!U7-pred_GDP_now!$B7) -> 0.97905557 | V7: =ABS(pred_GDP_now!V7-pred_GDP_now!$B7) -> 0.96743807 | W7: =ABS(pred_GDP_now!W7-pred_GDP_now!$B7) -> 0.96523701 | X7: =ABS(pred_GDP_now!X7-pred_GDP_now!$B7) -> 1.029861 | Y7: =ABS(pred_GDP_now!Y7-pred_GDP_now!$B7) -> 1.0937862 | Z7: =ABS(pred_GDP_now!Z7-pred_GDP_now!$B7) -> 0.97905557
A8: 40057 | B8: 3.1 | C8: =ABS(pred_GDP_now!C8-pred_GDP_now!$B8) -> #N/A | D8: =ABS(pred_GDP_now!D8-pred_GDP_now!$B8) -> 0.37553811 | E8: =ABS(pred_GDP_now!E8-pred_GDP_now!$B8) -> 1.1985727 | F8: =ABS(pred_GDP_now!F8-pred_GDP_now!$B8) -> #N/A | G8: =ABS(pred_GDP_now!G8-pred_GDP_now!$B8) -> #N/A | H8: =ABS(pred_GDP_now!H8-pred_GDP_now!$B8) -> #N/A | I8: =ABS(pred_GDP_now!I8-pred_GDP_now!$B8) -> #N/A | J8: =ABS(pred_GDP_now!J8-pred_GDP_now!$B8) -> #N/A | ... P8: =ABS(pred_GDP_now!P8-pred_GDP_now!$B8) -> 1.3431161 | R8: =ABS(pred_GDP_now!R8-pred_GDP_now!$B8) -> 1.2893716 | S8: =ABS(pred_GDP_now!S8-pred_GDP_now!$B8) -> 1.3687964 | T8: =ABS(pred_GDP_now!T8-pred_GDP_now!$B8) -> 1.7605981 | U8: =ABS(pred_GDP_now!U8-pred_GDP_now!$B8) -> 1.3687964 | V8: =ABS(pred_GDP_now!V8-pred_GDP_now!$B8) -> 1.3451737 | W8: =ABS(pred_GDP_now!W8-pred_GDP_now!$B8) -> 1.3423584 | X8: =ABS(pred_GDP_now!X8-pred_GDP_now!$B8) -> 1.5690988 | Y8: =ABS(pred_GDP_now!Y8-pred_GDP_now!$B8) -> 1.7349175 | Z8: =ABS(pred_GDP_now!Z8-pred_GDP_now!$B8) -> 1.7461745
A9: 40148 | B9: 0.7 | C9: =ABS(pred_GDP_now!C9-pred_GDP_now!$B9) -> #N/A | D9: =ABS(pred_GDP_now!D9-pred_GDP_now!$B9) -> 2.4672886 | E9: =ABS(pred_GDP_now!E9-pred_GDP_now!$B9) -> 2.5175471 | F9: =ABS(pred_GDP_now!F9-pred_GDP_now!$B9) -> #N/A | G9: =ABS(pred_GDP_now!G9-pred_GDP_now!$B9) -> #N/A | H9: =ABS(pred_GDP_now!H9-pred_GDP_now!$B9) -> #N/A | I9: =ABS(pred_GDP_now!I9-pred_GDP_now!$B9) -> #N/A | J9: =ABS(pred_GDP_now!J9-pred_GDP_now!$B9) -> #N/A | ... P9: =ABS(pred_GDP_now!P9-pred_GDP_now!$B9) -> 0.71384705 | R9: =ABS(pred_GDP_now!R9-pred_GDP_now!$B9) -> 1.260449 | S9: =ABS(pred_GDP_now!S9-pred_GDP_now!$B9) -> 1.1420645 | T9: =ABS(pred_GDP_now!T9-pred_GDP_now!$B9) -> 0.71384705 | U9: =ABS(pred_GDP_now!U9-pred_GDP_now!$B9) -> 1.9829218 | V9: =ABS(pred_GDP_now!V9-pred_GDP_now!$B9) -> 1.1396348 | W9: =ABS(pred_GDP_now!W9-pred_GDP_now!$B9) -> 1.145655 | X9: =ABS(pred_GDP_now!X9-pred_GDP_now!$B9) -> 0.83944085 | Y9: =ABS(pred_GDP_now!Y9-pred_GDP_now!$B9) -> 0.40510095 | Z9: =ABS(pred_GDP_now!Z9-pred_GDP_now!$B9) -> 1.1440181
A10: 40238 | B10: 2.3 | C10: =ABS(pred_GDP_now!C10-pred_GDP_now!$B10) -> #N/A | D10: =ABS(pred_GDP_now!D10-pred_GDP_now!$B10) -> 0.058816128 | E10: =ABS(pred_GDP_now!E10-pred_GDP_now!$B10) -> 0.80071575 | F10: =ABS(pred_GDP_now!F10-pred_GDP_now!$B10) -> #N/A | G10: =ABS(pred_GDP_now!G10-pred_GDP_now!$B10) -> #N/A | H10: =ABS(pred_GDP_now!H10-pred_GDP_now!$B10) -> #N/A | I10: =ABS(pred_GDP_now!I10-pred_GDP_now!$B10) -> #N/A | J10: =ABS(pred_GDP_now!J10-pred_GDP_now!$B10) -> #N/A | ... P10: =ABS(pred_GDP_now!P10-pred_GDP_now!$B10) -> 0.24707694 | R10: =ABS(pred_GDP_now!R10-pred_GDP_now!$B10) -> 0.76109325 | S10: =ABS(pred_GDP_now!S10-pred_GDP_now!$B10) -> 0.80071575 | T10: =ABS(pred_GDP_now!T10-pred_GDP_now!$B10) -> 1.0699218 | U10: =ABS(pred_GDP_now!U10-pred_GDP_now!$B10) -> 0.80071575 | V10: =ABS(pred_GDP_now!V10-pred_GDP_now!$B10) -> 0.81034211 | W10: =ABS(pred_GDP_now!W10-pred_GDP_now!$B10) -> 0.80809075 | X10: =ABS(pred_GDP_now!X10-pred_GDP_now!$B10) -> 0.8477862 | Y10: =ABS(pred_GDP_now!Y10-pred_GDP_now!$B10) -> 0.88870647 | Z10: =ABS(pred_GDP_now!Z10-pred_GDP_now!$B10) -> 0.80809075
A11: 40330 | B11: 1.6 | C11: =ABS(pred_GDP_now!C11-pred_GDP_now!$B11) -> #N/A | D11: =ABS(pred_GDP_now!D11-pred_GDP_now!$B11) -> 0.53295288 | E11: =ABS(pred_GDP_now!E11-pred_GDP_now!$B11) -> 0.10690076 | F11: =ABS(pred_GDP_now!F11-pred_GDP_now!$B11) -> #N/A | G11: =ABS(pred_GDP_now!G11-pred_GDP_now!$B11) -> #N/A | H11: =ABS(pred_GDP_now!H11-pred_GDP_now!$B11) -> #N/A | I11: =ABS(pred_GDP_now!I11-pred_GDP_now!$B11) -> #N/A | J11: =ABS(pred_GDP_now!J11-pred_GDP_now!$B11) -> #N/A | ... P11: =ABS(pred_GDP_now!P11-pred_GDP_now!$B11) -> 0.57221209 | R11: =ABS(pred_GDP_now!R11-pred_GDP_now!$B11) -> 0.11556715 | S11: =ABS(pred_GDP_now!S11-pred_GDP_now!$B11) -> 0.10690076 | T11: =ABS(pred_GDP_now!T11-pred_GDP_now!$B11) -> 0.20529244 | U11: =ABS(pred_GDP_now!U11-pred_GDP_now!$B11) -> 0.10690076 | V11: =ABS(pred_GDP_now!V11-pred_GDP_now!$B11) -> 0.0060670746 | W11: =ABS(pred_GDP_now!W11-pred_GDP_now!$B11) -> 0.0017179878 | X11: =ABS(pred_GDP_now!X11-pred_GDP_now!$B11) -> 0.046440816 | Y11: =ABS(pred_GDP_now!Y11-pred_GDP_now!$B11) -> 0.0078699769 | Z11: =ABS(pred_GDP_now!Z11-pred_GDP_now!$B11) -> 0.046440816
A12: 40422 | B12: 1 | C12: =ABS(pred_GDP_now!C12-pred_GDP_now!$B12) -> #N/A | D12: =ABS(pred_GDP_now!D12-pred_GDP_now!$B12) -> 0.32042766 | E12: =ABS(pred_GDP_now!E12-pred_GDP_now!$B12) -> 0.31834018 | F12: =ABS(pred_GDP_now!F12-pred_GDP_now!$B12) -> #N/A | G12: =ABS(pred_GDP_now!G12-pred_GDP_now!$B12) -> #N/A | H12: =ABS(pred_GDP_now!H12-pred_GDP_now!$B12) -> #N/A | I12: =ABS(pred_GDP_now!I12-pred_GDP_now!$B12) -> #N/A | J12: =ABS(pred_GDP_now!J12-pred_GDP_now!$B12) -> #N/A | ... P12: =ABS(pred_GDP_now!P12-pred_GDP_now!$B12) -> 0.50778058 | R12: =ABS(pred_GDP_now!R12-pred_GDP_now!$B12) -> 0.15244079 | S12: =ABS(pred_GDP_now!S12-pred_GDP_now!$B12) -> 0.32042766 | T12: =ABS(pred_GDP_now!T12-pred_GDP_now!$B12) -> 0.32042766 | U12: =ABS(pred_GDP_now!U12-pred_GDP_now!$B12) -> 0.32002411 | V12: =ABS(pred_GDP_now!V12-pred_GDP_now!$B12) -> 0.019879599 | W12: =ABS(pred_GDP_now!W12-pred_GDP_now!$B12) -> 0.030499068 | X12: =ABS(pred_GDP_now!X12-pred_GDP_now!$B12) -> 0.10333728 | Y12: =ABS(pred_GDP_now!Y12-pred_GDP_now!$B12) -> 0.11467186 | Z12: =ABS(pred_GDP_now!Z12-pred_GDP_now!$B12) -> 0.2960291
A13: 40513 | B13: 1.4 | C13: =ABS(pred_GDP_now!C13-pred_GDP_now!$B13) -> #N/A | D13: =ABS(pred_GDP_now!D13-pred_GDP_now!$B13) -> 0.14552127 | E13: =ABS(pred_GDP_now!E13-pred_GDP_now!$B13) -> 0.069304818 | F13: =ABS(pred_GDP_now!F13-pred_GDP_now!$B13) -> #N/A | G13: =ABS(pred_GDP_now!G13-pred_GDP_now!$B13) -> #N/A | H13: =ABS(pred_GDP_now!H13-pred_GDP_now!$B13) -> #N/A | I13: =ABS(pred_GDP_now!I13-pred_GDP_now!$B13) -> #N/A | J13: =ABS(pred_GDP_now!J13-pred_GDP_now!$B13) -> #N/A | ... P13: =ABS(pred_GDP_now!P13-pred_GDP_now!$B13) -> 0.21557035 | R13: =ABS(pred_GDP_now!R13-pred_GDP_now!$B13) -> 0.066456543 | S13: =ABS(pred_GDP_now!S13-pred_GDP_now!$B13) -> 0.075687842 | T13: =ABS(pred_GDP_now!T13-pred_GDP_now!$B13) -> 0.1441864 | U13: =ABS(pred_GDP_now!U13-pred_GDP_now!$B13) -> 0.075687842 | V13: =ABS(pred_GDP_now!V13-pred_GDP_now!$B13) -> 0.085706972 | W13: =ABS(pred_GDP_now!W13-pred_GDP_now!$B13) -> 0.084332224 | X13: =ABS(pred_GDP_now!X13-pred_GDP_now!$B13) -> 0.094764327 | Y13: =ABS(pred_GDP_now!Y13-pred_GDP_now!$B13) -> 0.076683884 | Z13: =ABS(pred_GDP_now!Z13-pred_GDP_now!$B13) -> 0.076683884
... A61: 44896 | B61: -0.3 | C61: =ABS(pred_GDP_now!C61-pred_GDP_now!$B61) -> 0.50932658 | D61: =ABS(pred_GDP_now!D61-pred_GDP_now!$B61) -> 0.48486 | E61: =ABS(pred_GDP_now!E61-pred_GDP_now!$B61) -> 0.63253 | F61: =ABS(pred_GDP_now!F61-pred_GDP_now!$B61) -> 0.25036 | G61: =ABS(pred_GDP_now!G61-pred_GDP_now!$B61) -> 0.26236 | H61: =ABS(pred_GDP_now!H61-pred_GDP_now!$B61) -> 0.30430739 | I61: =ABS(pred_GDP_now!I61-pred_GDP_now!$B61) -> 0.75885565 | J61: =ABS(pred_GDP_now!J61-pred_GDP_now!$B61) -> 0.13845 | ... P61: =ABS(pred_GDP_now!P61-pred_GDP_now!$B61) -> 0.135121 | R61: =ABS(pred_GDP_now!R61-pred_GDP_now!$B61) -> 0.030880136 | S61: =ABS(pred_GDP_now!S61-pred_GDP_now!$B61) -> 0.13845 | T61: =ABS(pred_GDP_now!T61-pred_GDP_now!$B61) -> 0.48486 | U61: =ABS(pred_GDP_now!U61-pred_GDP_now!$B61) -> 0.2460993 | V61: =ABS(pred_GDP_now!V61-pred_GDP_now!$B61) -> 0.36991821 | W61: =ABS(pred_GDP_now!W61-pred_GDP_now!$B61) -> 0.36253581 | X61: =ABS(pred_GDP_now!X61-pred_GDP_now!$B61) -> 0.11945348 | Y61: =ABS(pred_GDP_now!Y61-pred_GDP_now!$B61) -> 0.032630483 | Z61: =ABS(pred_GDP_now!Z61-pred_GDP_now!$B61) -> 0.21199164
A64: MAE
A65: 전기간(08~22) | D65: =AVERAGE(D2:D61) -> 0.59523926 | E65: =AVERAGE(E2:E61) -> 0.58880662 | K65: =AVERAGE(K2:K61) -> 0.46519128 | M65: =AVERAGE(M2:M61) -> 0.53907487 | N65: =AVERAGE(N2:N61) -> 0.52680481 | O65: =AVERAGE(O2:O61) -> 0.53933569 | P65: =AVERAGE(P2:P61) -> 0.52934706 | R65: =AVERAGE(R2:R61) -> 0.4442123 | S65: =AVERAGE(S2:S61) -> 0.46392403 | T65: =AVERAGE(T2:T61) -> 0.47394021 | U65: =AVERAGE(U2:U61) -> 0.41635475 | V65: =AVERAGE(V2:V61) -> 0.4534144 | W65: =AVERAGE(W2:W61) -> 0.45274911 | X65: =AVERAGE(X2:X61) -> 0.44675792 | Y65: =AVERAGE(Y2:Y61) -> 0.44109146 | Z65: =AVERAGE(Z2:Z61) -> 0.40738171
A66: GFC(08~09) | D66: =AVERAGE(D2:D9) -> 1.3979041 | E66: =AVERAGE(E2:E9) -> 1.6496048 | K66: =AVERAGE(K2:K9) -> 1.158683 | M66: =AVERAGE(M2:M9) -> 1.078367 | N66: =AVERAGE(N2:N9) -> 1.2102233 | O66: =AVERAGE(O2:O9) -> 0.82927164 | P66: =AVERAGE(P2:P9) -> 1.1363429 | R66: =AVERAGE(R2:R9) -> 1.0966361 | S66: =AVERAGE(S2:S9) -> 1.1687753 | T66: =AVERAGE(T2:T9) -> 1.0616224 | U66: =AVERAGE(U2:U9) -> 0.91356362 | V66: =AVERAGE(V2:V9) -> 1.0743911 | W66: =AVERAGE(W2:W9) -> 1.0755385 | X66: =AVERAGE(X2:X9) -> 1.0496998 | Y66: =AVERAGE(Y2:Y9) -> 1.0692539 | Z66: =AVERAGE(Z2:Z9) -> 1.0004521
